subject,status,model,split,role,main_result,me,mae,rmse,n_train,n_val,n_test,total_rows,valid_rows,skipped_rows,feature_rows,feature_dim,elapsed_seconds,evaluation_mode,split_mode,scaler_scope,feature_scaler,target_scaler,channels,feature_set,horizons,seed_or_ensemble
1Nmar,healthy,mlp_rf_vm_original,val,baseline,False,4.2048115730285645,4.4830241203308105,5.1104500015898795,3533,504,1011,5700,5681,19,5432,16,4.78712272644043,enhanced_publishable,purged_temporal,train,minmax,none,"RF,VM",original,1,42
1Nmar,healthy,mlp_rf_vm_original,test,baseline,False,-2.944415807723999,8.069470405578613,10.812137311023287,3533,504,1011,5700,5681,19,5432,16,4.78712272644043,enhanced_publishable,purged_temporal,train,minmax,none,"RF,VM",original,1,42
2Nmar,healthy,mlp_rf_vm_original,val,baseline,False,-3.530313491821289,6.181245803833008,11.430610624674856,4725,675,1351,7400,7384,16,7135,16,7.213935852050781,enhanced_publishable,purged_temporal,train,minmax,none,"RF,VM",original,1,42
2Nmar,healthy,mlp_rf_vm_original,test,baseline,False,-0.3617091476917267,4.780612945556641,6.933372850794537,4725,675,1351,7400,7384,16,7135,16,7.213935852050781,enhanced_publishable,purged_temporal,train,minmax,none,"RF,VM",original,1,42
3Nmar,healthy,mlp_rf_vm_original,val,baseline,False,6.611303329467773,8.57081413269043,13.088024553718945,4402,628,1259,6940,6922,18,6673,16,3.4704129695892334,enhanced_publishable,purged_temporal,train,minmax,none,"RF,VM",original,1,42
3Nmar,healthy,mlp_rf_vm_original,test,baseline,False,8.105347633361816,13.36119270324707,19.839621094807907,4402,628,1259,6940,6922,18,6673,16,3.4704129695892334,enhanced_publishable,purged_temporal,train,minmax,none,"RF,VM",original,1,42
4Nmar,healthy,mlp_rf_vm_original,val,baseline,False,-1.6798378229141235,6.446034908294678,8.085776153281548,4822,688,1379,7540,7522,18,7273,16,3.822061061859131,enhanced_publishable,purged_temporal,train,minmax,none,"RF,VM",original,1,42
4Nmar,healthy,mlp_rf_vm_original,test,baseline,False,-3.038820266723633,7.194665431976318,10.135246837378448,4822,688,1379,7540,7522,18,7273,16,3.822061061859131,enhanced_publishable,purged_temporal,train,minmax,none,"RF,VM",original,1,42
5Nmar,healthy,mlp_rf_vm_original,val,baseline,False,-1.0714613199234009,2.135645627975464,2.648248266250675,4151,593,1186,6580,6563,17,6314,16,3.4913737773895264,enhanced_publishable,purged_temporal,train,minmax,none,"RF,VM",original,1,42
5Nmar,healthy,mlp_rf_vm_original,test,baseline,False,-2.11633038520813,7.132994651794434,10.165728374604077,4151,593,1186,6580,6563,17,6314,16,3.4913737773895264,enhanced_publishable,purged_temporal,train,minmax,none,"RF,VM",original,1,42
6Nmar,healthy,mlp_rf_vm_original,val,baseline,False,0.7498460412025452,4.539484024047852,5.83831730416323,4666,666,1335,7320,7300,20,7051,16,3.9237449169158936,enhanced_publishable,purged_temporal,train,minmax,none,"RF,VM",original,1,42
6Nmar,healthy,mlp_rf_vm_original,test,baseline,False,-2.185190200805664,4.710647106170654,6.499693056341981,4666,666,1335,7320,7300,20,7051,16,3.9237449169158936,enhanced_publishable,purged_temporal,train,minmax,none,"RF,VM",original,1,42
7Nmar,healthy,mlp_rf_vm_original,val,baseline,False,0.36162152886390686,1.980574369430542,2.6817801175994296,5259,751,1504,8147,8147,0,7898,16,4.6233415603637695,enhanced_publishable,purged_temporal,train,minmax,none,"RF,VM",original,1,42
7Nmar,healthy,mlp_rf_vm_original,test,baseline,False,2.3238775730133057,10.215452194213867,14.146746883566388,5259,751,1504,8147,8147,0,7898,16,4.6233415603637695,enhanced_publishable,purged_temporal,train,minmax,none,"RF,VM",original,1,42
8Nmar,healthy,mlp_rf_vm_original,val,baseline,False,-0.5809103846549988,3.9996275901794434,5.640999652117992,6015,859,1720,9240,9227,13,8978,16,5.753414630889893,enhanced_publishable,purged_temporal,train,minmax,none,"RF,VM",original,1,42
8Nmar,healthy,mlp_rf_vm_original,test,baseline,False,4.469159126281738,6.09401273727417,10.09188438157581,6015,859,1720,9240,9227,13,8978,16,5.753414630889893,enhanced_publishable,purged_temporal,train,minmax,none,"RF,VM",original,1,42
9Nmar,healthy,mlp_rf_vm_original,val,baseline,False,-8.248221397399902,8.249112129211426,9.843686833254672,3297,471,942,5360,5343,17,5094,16,3.528595447540283,enhanced_publishable,purged_temporal,train,minmax,none,"RF,VM",original,1,42
9Nmar,healthy,mlp_rf_vm_original,test,baseline,False,-0.27759963274002075,8.253417015075684,12.319556987773545,3297,471,942,5360,5343,17,5094,16,3.528595447540283,enhanced_publishable,purged_temporal,train,minmax,none,"RF,VM",original,1,42
10Nmar,healthy,mlp_rf_vm_original,val,baseline,False,1.5813847780227661,3.875763416290283,5.264541650367309,3648,521,1043,5860,5845,15,5596,16,7.319527864456177,enhanced_publishable,purged_temporal,train,minmax,none,"RF,VM",original,1,42
10Nmar,healthy,mlp_rf_vm_original,test,baseline,False,3.2780351638793945,4.594132423400879,7.263878265755615,3648,521,1043,5860,5845,15,5596,16,7.319527864456177,enhanced_publishable,purged_temporal,train,minmax,none,"RF,VM",original,1,42
11Nmar,healthy,mlp_rf_vm_original,val,baseline,False,-5.925708770751953,6.957505226135254,9.308276146622282,3679,525,1053,5890,5890,0,5641,16,3.4819705486297607,enhanced_publishable,purged_temporal,train,minmax,none,"RF,VM",original,1,42
11Nmar,healthy,mlp_rf_vm_original,test,baseline,False,8.60341739654541,14.63794994354248,18.09437404472209,3679,525,1053,5890,5890,0,5641,16,3.4819705486297607,enhanced_publishable,purged_temporal,train,minmax,none,"RF,VM",original,1,42
1Amar,unhealthy,mlp_rf_vm_original,val,baseline,False,-5.761796951293945,9.935139656066895,16.64185918251868,8638,1234,2468,12973,12973,0,12724,16,6.703733682632446,enhanced_publishable,purged_temporal,train,minmax,none,"RF,VM",original,1,42
1Amar,unhealthy,mlp_rf_vm_original,test,baseline,False,-2.1392269134521484,7.292215347290039,11.187993044084903,8638,1234,2468,12973,12973,0,12724,16,6.703733682632446,enhanced_publishable,purged_temporal,train,minmax,none,"RF,VM",original,1,42
2Amar,unhealthy,mlp_rf_vm_original,val,baseline,False,-5.932257175445557,13.556777954101562,17.691524842973013,7309,1044,2089,11075,11075,0,10826,16,5.287763595581055,enhanced_publishable,purged_temporal,train,minmax,none,"RF,VM",original,1,42
2Amar,unhealthy,mlp_rf_vm_original,test,baseline,False,-6.007819652557373,10.546571731567383,15.348149867189306,7309,1044,2089,11075,11075,0,10826,16,5.287763595581055,enhanced_publishable,purged_temporal,train,minmax,none,"RF,VM",original,1,42
3Amar,unhealthy,mlp_rf_vm_original,val,baseline,False,-1.283758282661438,5.725112438201904,10.877794279458978,30122,4303,8607,43665,43665,0,43416,16,26.838072061538696,enhanced_publishable,purged_temporal,train,minmax,none,"RF,VM",original,1,42
3Amar,unhealthy,mlp_rf_vm_original,test,baseline,False,-2.4193975925445557,6.201284885406494,11.794908776538927,30122,4303,8607,43665,43665,0,43416,16,26.838072061538696,enhanced_publishable,purged_temporal,train,minmax,none,"RF,VM",original,1,42
4Amar,unhealthy,mlp_rf_vm_original,val,baseline,False,0.12545020878314972,3.441420316696167,5.295868094285423,39137,5591,11183,56544,56544,0,56295,16,62.994431018829346,enhanced_publishable,purged_temporal,train,minmax,none,"RF,VM",original,1,42
4Amar,unhealthy,mlp_rf_vm_original,test,baseline,False,1.909936547279358,11.387238502502441,18.431354080273696,39137,5591,11183,56544,56544,0,56295,16,62.994431018829346,enhanced_publishable,purged_temporal,train,minmax,none,"RF,VM",original,1,42
5Amar,unhealthy,mlp_rf_vm_original,val,baseline,False,-3.018937587738037,7.340585231781006,11.852079416668767,31788,4541,9083,46045,46045,0,45796,16,50.21377635002136,enhanced_publishable,purged_temporal,train,minmax,none,"RF,VM",original,1,42
5Amar,unhealthy,mlp_rf_vm_original,test,baseline,False,0.6044759154319763,8.215912818908691,12.799775145463066,31788,4541,9083,46045,46045,0,45796,16,50.21377635002136,enhanced_publishable,purged_temporal,train,minmax,none,"RF,VM",original,1,42
6Amar,unhealthy,mlp_rf_vm_original,val,baseline,False,-0.8465971350669861,1.9940237998962402,2.8403528064206047,35520,5074,10149,51376,51376,0,51127,16,28.484716653823853,enhanced_publishable,purged_temporal,train,minmax,none,"RF,VM",original,1,42
6Amar,unhealthy,mlp_rf_vm_original,test,baseline,False,-3.1324689388275146,5.823936462402344,8.812024259238632,35520,5074,10149,51376,51376,0,51127,16,28.484716653823853,enhanced_publishable,purged_temporal,train,minmax,none,"RF,VM",original,1,42
7Amar,unhealthy,mlp_rf_vm_original,val,baseline,False,-1.768937587738037,4.08115291595459,7.8359326317906115,10564,1509,3019,15725,15725,0,15476,16,8.928446292877197,enhanced_publishable,purged_temporal,train,minmax,none,"RF,VM",original,1,42
7Amar,unhealthy,mlp_rf_vm_original,test,baseline,False,-2.0613961219787598,14.776607513427734,22.919319951752087,10564,1509,3019,15725,15725,0,15476,16,8.928446292877197,enhanced_publishable,purged_temporal,train,minmax,none,"RF,VM",original,1,42
8Amar,unhealthy,mlp_rf_vm_original,val,baseline,False,0.24324558675289154,1.2862045764923096,2.282403105802726,6687,955,1912,10187,10187,0,9938,16,13.97679328918457,enhanced_publishable,purged_temporal,train,minmax,none,"RF,VM",original,1,42
8Amar,unhealthy,mlp_rf_vm_original,test,baseline,False,7.021050453186035,7.589439392089844,10.749922286351547,6687,955,1912,10187,10187,0,9938,16,13.97679328918457,enhanced_publishable,purged_temporal,train,minmax,none,"RF,VM",original,1,42
9Amar,unhealthy,mlp_rf_vm_original,val,baseline,False,0.16438017785549164,3.228023052215576,4.475481418735124,22012,3144,6291,32080,32080,0,31831,16,19.32483959197998,enhanced_publishable,purged_temporal,train,minmax,none,"RF,VM",original,1,42
9Amar,unhealthy,mlp_rf_vm_original,test,baseline,False,0.9710081815719604,6.685032367706299,10.920190334687431,22012,3144,6291,32080,32080,0,31831,16,19.32483959197998,enhanced_publishable,purged_temporal,train,minmax,none,"RF,VM",original,1,42
10Amar,unhealthy,mlp_rf_vm_original,val,baseline,False,1.065481424331665,4.6831159591674805,7.667899101823275,15584,2226,4453,22896,22896,0,22647,16,14.160842657089233,enhanced_publishable,purged_temporal,train,minmax,none,"RF,VM",original,1,42
10Amar,unhealthy,mlp_rf_vm_original,test,baseline,False,-1.704118251800537,9.60493278503418,13.794823845087409,15584,2226,4453,22896,22896,0,22647,16,14.160842657089233,enhanced_publishable,purged_temporal,train,minmax,none,"RF,VM",original,1,42
11Amar,unhealthy,mlp_rf_vm_original,val,baseline,False,-1.0072417259216309,5.078586101531982,7.377963489023331,18865,2695,5390,27583,27583,0,27334,16,14.738359451293945,enhanced_publishable,purged_temporal,train,minmax,none,"RF,VM",original,1,42
11Amar,unhealthy,mlp_rf_vm_original,test,baseline,False,1.5811655521392822,8.130477905273438,11.2856845751849,18865,2695,5390,27583,27583,0,27334,16,14.738359451293945,enhanced_publishable,purged_temporal,train,minmax,none,"RF,VM",original,1,42
1Nmar,healthy,transformer_rf_vm_original,val,candidate,False,1.4761592149734497,2.763789415359497,3.0128910934663513,3533,504,1011,5700,5681,19,5432,16,12.593696594238281,enhanced_publishable,purged_temporal,train,minmax,none,"RF,VM",original,1,42
1Nmar,healthy,transformer_rf_vm_original,test,candidate,False,-15.28968334197998,16.575023651123047,24.673282595216985,3533,504,1011,5700,5681,19,5432,16,12.593696594238281,enhanced_publishable,purged_temporal,train,minmax,none,"RF,VM",original,1,42
2Nmar,healthy,transformer_rf_vm_original,val,candidate,False,-8.205536842346191,11.284480094909668,20.35750048330429,4725,675,1351,7400,7384,16,7135,16,16.39284610748291,enhanced_publishable,purged_temporal,train,minmax,none,"RF,VM",original,1,42
2Nmar,healthy,transformer_rf_vm_original,test,candidate,False,-10.078811645507812,11.881553649902344,19.651288933255277,4725,675,1351,7400,7384,16,7135,16,16.39284610748291,enhanced_publishable,purged_temporal,train,minmax,none,"RF,VM",original,1,42
3Nmar,healthy,transformer_rf_vm_original,val,candidate,False,5.271634578704834,6.597802639007568,9.484815810390376,4402,628,1259,6940,6922,18,6673,16,32.76407289505005,enhanced_publishable,purged_temporal,train,minmax,none,"RF,VM",original,1,42
3Nmar,healthy,transformer_rf_vm_original,test,candidate,False,5.660919666290283,12.81121826171875,17.40364359272892,4402,628,1259,6940,6922,18,6673,16,32.76407289505005,enhanced_publishable,purged_temporal,train,minmax,none,"RF,VM",original,1,42
4Nmar,healthy,transformer_rf_vm_original,val,candidate,False,0.12531067430973053,5.1024885177612305,6.208506673488086,4822,688,1379,7540,7522,18,7273,16,32.623626947402954,enhanced_publishable,purged_temporal,train,minmax,none,"RF,VM",original,1,42
4Nmar,healthy,transformer_rf_vm_original,test,candidate,False,-1.229305624961853,3.8161685466766357,6.24758803557077,4822,688,1379,7540,7522,18,7273,16,32.623626947402954,enhanced_publishable,purged_temporal,train,minmax,none,"RF,VM",original,1,42
5Nmar,healthy,transformer_rf_vm_original,val,candidate,False,2.035637617111206,3.075934648513794,4.180926044955087,4151,593,1186,6580,6563,17,6314,16,20.711612462997437,enhanced_publishable,purged_temporal,train,minmax,none,"RF,VM",original,1,42
5Nmar,healthy,transformer_rf_vm_original,test,candidate,False,-7.175255298614502,10.421154022216797,15.785100667280265,4151,593,1186,6580,6563,17,6314,16,20.711612462997437,enhanced_publishable,purged_temporal,train,minmax,none,"RF,VM",original,1,42
6Nmar,healthy,transformer_rf_vm_original,val,candidate,False,4.054169654846191,9.822489738464355,13.196358981963902,4666,666,1335,7320,7300,20,7051,16,38.644474267959595,enhanced_publishable,purged_temporal,train,minmax,none,"RF,VM",original,1,42
6Nmar,healthy,transformer_rf_vm_original,test,candidate,False,-0.8182650804519653,6.34399938583374,8.253475959708156,4666,666,1335,7320,7300,20,7051,16,38.644474267959595,enhanced_publishable,purged_temporal,train,minmax,none,"RF,VM",original,1,42
7Nmar,healthy,transformer_rf_vm_original,val,candidate,False,0.4435228109359741,1.8256796598434448,2.2504169289750577,5259,751,1504,8147,8147,0,7898,16,59.80663442611694,enhanced_publishable,purged_temporal,train,minmax,none,"RF,VM",original,1,42
7Nmar,healthy,transformer_rf_vm_original,test,candidate,False,5.804271221160889,6.640284538269043,11.214864158811107,5259,751,1504,8147,8147,0,7898,16,59.80663442611694,enhanced_publishable,purged_temporal,train,minmax,none,"RF,VM",original,1,42
8Nmar,healthy,transformer_rf_vm_original,val,candidate,False,-0.48722028732299805,4.359169006347656,6.692153879990118,6015,859,1720,9240,9227,13,8978,16,29.192845582962036,enhanced_publishable,purged_temporal,train,minmax,none,"RF,VM",original,1,42
8Nmar,healthy,transformer_rf_vm_original,test,candidate,False,4.331132411956787,8.040021896362305,13.128546535350338,6015,859,1720,9240,9227,13,8978,16,29.192845582962036,enhanced_publishable,purged_temporal,train,minmax,none,"RF,VM",original,1,42
9Nmar,healthy,transformer_rf_vm_original,val,candidate,False,-18.12212562561035,19.095468521118164,23.39982910093843,3297,471,942,5360,5343,17,5094,16,17.517839193344116,enhanced_publishable,purged_temporal,train,minmax,none,"RF,VM",original,1,42
9Nmar,healthy,transformer_rf_vm_original,test,candidate,False,-4.50570821762085,8.658500671386719,13.687944239544622,3297,471,942,5360,5343,17,5094,16,17.517839193344116,enhanced_publishable,purged_temporal,train,minmax,none,"RF,VM",original,1,42
10Nmar,healthy,transformer_rf_vm_original,val,candidate,False,-0.23315875232219696,2.702176332473755,3.258880659673149,3648,521,1043,5860,5845,15,5596,16,30.90335774421692,enhanced_publishable,purged_temporal,train,minmax,none,"RF,VM",original,1,42
10Nmar,healthy,transformer_rf_vm_original,test,candidate,False,2.485750913619995,4.014477252960205,5.846682215763818,3648,521,1043,5860,5845,15,5596,16,30.90335774421692,enhanced_publishable,purged_temporal,train,minmax,none,"RF,VM",original,1,42
11Nmar,healthy,transformer_rf_vm_original,val,candidate,False,-10.223838806152344,11.962327003479004,15.390787098607024,3679,525,1053,5890,5890,0,5641,16,56.86145830154419,enhanced_publishable,purged_temporal,train,minmax,none,"RF,VM",original,1,42
11Nmar,healthy,transformer_rf_vm_original,test,candidate,False,3.608065605163574,9.55155086517334,12.013662825400997,3679,525,1053,5890,5890,0,5641,16,56.86145830154419,enhanced_publishable,purged_temporal,train,minmax,none,"RF,VM",original,1,42
1Amar,unhealthy,transformer_rf_vm_original,val,candidate,False,-4.208252906799316,9.426536560058594,14.418357147301784,8638,1234,2468,12973,12973,0,12724,16,39.102243423461914,enhanced_publishable,purged_temporal,train,minmax,none,"RF,VM",original,1,42
1Amar,unhealthy,transformer_rf_vm_original,test,candidate,False,-0.39066991209983826,9.676651000976562,14.917574948978753,8638,1234,2468,12973,12973,0,12724,16,39.102243423461914,enhanced_publishable,purged_temporal,train,minmax,none,"RF,VM",original,1,42
2Amar,unhealthy,transformer_rf_vm_original,val,candidate,False,-7.944733619689941,12.524469375610352,18.29042237842664,7309,1044,2089,11075,11075,0,10826,16,25.803693294525146,enhanced_publishable,purged_temporal,train,minmax,none,"RF,VM",original,1,42
2Amar,unhealthy,transformer_rf_vm_original,test,candidate,False,-8.354066848754883,10.994993209838867,17.454939021384014,7309,1044,2089,11075,11075,0,10826,16,25.803693294525146,enhanced_publishable,purged_temporal,train,minmax,none,"RF,VM",original,1,42
3Amar,unhealthy,transformer_rf_vm_original,val,candidate,False,-1.833919882774353,5.993007659912109,12.616926274385582,30122,4303,8607,43665,43665,0,43416,16,267.7387683391571,enhanced_publishable,purged_temporal,train,minmax,none,"RF,VM",original,1,42
3Amar,unhealthy,transformer_rf_vm_original,test,candidate,False,-3.6189916133880615,6.430511474609375,12.728754631070858,30122,4303,8607,43665,43665,0,43416,16,267.7387683391571,enhanced_publishable,purged_temporal,train,minmax,none,"RF,VM",original,1,42
4Amar,unhealthy,transformer_rf_vm_original,val,candidate,False,0.23962810635566711,3.534895658493042,5.854856004776712,39137,5591,11183,56544,56544,0,56295,16,166.6210172176361,enhanced_publishable,purged_temporal,train,minmax,none,"RF,VM",original,1,42
4Amar,unhealthy,transformer_rf_vm_original,test,candidate,False,1.189907431602478,12.183582305908203,18.779178143312908,39137,5591,11183,56544,56544,0,56295,16,166.6210172176361,enhanced_publishable,purged_temporal,train,minmax,none,"RF,VM",original,1,42
5Amar,unhealthy,transformer_rf_vm_original,val,candidate,False,-3.629230499267578,6.68821382522583,10.81478451976665,31788,4541,9083,46045,46045,0,45796,16,164.1918785572052,enhanced_publishable,purged_temporal,train,minmax,none,"RF,VM",original,1,42
5Amar,unhealthy,transformer_rf_vm_original,test,candidate,False,-0.42527076601982117,9.309736251831055,14.536249035110199,31788,4541,9083,46045,46045,0,45796,16,164.1918785572052,enhanced_publishable,purged_temporal,train,minmax,none,"RF,VM",original,1,42
6Amar,unhealthy,transformer_rf_vm_original,val,candidate,False,-1.4626455307006836,2.7124319076538086,4.404644612796708,35520,5074,10149,51376,51376,0,51127,16,148.41579127311707,enhanced_publishable,purged_temporal,train,minmax,none,"RF,VM",original,1,42
6Amar,unhealthy,transformer_rf_vm_original,test,candidate,False,-3.8151700496673584,5.523430347442627,8.635264163325298,35520,5074,10149,51376,51376,0,51127,16,148.41579127311707,enhanced_publishable,purged_temporal,train,minmax,none,"RF,VM",original,1,42
7Amar,unhealthy,transformer_rf_vm_original,val,candidate,False,-2.022113084793091,3.885129690170288,6.524678551951722,10564,1509,3019,15725,15725,0,15476,16,129.55759024620056,enhanced_publishable,purged_temporal,train,minmax,none,"RF,VM",original,1,42
7Amar,unhealthy,transformer_rf_vm_original,test,candidate,False,-3.4019336700439453,14.41175651550293,22.880702574286673,10564,1509,3019,15725,15725,0,15476,16,129.55759024620056,enhanced_publishable,purged_temporal,train,minmax,none,"RF,VM",original,1,42
8Amar,unhealthy,transformer_rf_vm_original,val,candidate,False,0.8013855814933777,1.1336880922317505,1.355664505688499,6687,955,1912,10187,10187,0,9938,16,51.70100402832031,enhanced_publishable,purged_temporal,train,minmax,none,"RF,VM",original,1,42
8Amar,unhealthy,transformer_rf_vm_original,test,candidate,False,3.6377127170562744,9.080012321472168,13.240903214823977,6687,955,1912,10187,10187,0,9938,16,51.70100402832031,enhanced_publishable,purged_temporal,train,minmax,none,"RF,VM",original,1,42
9Amar,unhealthy,transformer_rf_vm_original,val,candidate,False,-0.9455733299255371,4.778626918792725,7.210707903644391,22012,3144,6291,32080,32080,0,31831,16,114.84420466423035,enhanced_publishable,purged_temporal,train,minmax,none,"RF,VM",original,1,42
9Amar,unhealthy,transformer_rf_vm_original,test,candidate,False,2.143209934234619,5.949483871459961,10.007644782942814,22012,3144,6291,32080,32080,0,31831,16,114.84420466423035,enhanced_publishable,purged_temporal,train,minmax,none,"RF,VM",original,1,42
10Amar,unhealthy,transformer_rf_vm_original,val,candidate,False,1.5098191499710083,4.410094738006592,6.258391583303248,15584,2226,4453,22896,22896,0,22647,16,79.65279912948608,enhanced_publishable,purged_temporal,train,minmax,none,"RF,VM",original,1,42
10Amar,unhealthy,transformer_rf_vm_original,test,candidate,False,0.632172703742981,9.300830841064453,14.740280311020578,15584,2226,4453,22896,22896,0,22647,16,79.65279912948608,enhanced_publishable,purged_temporal,train,minmax,none,"RF,VM",original,1,42
11Amar,unhealthy,transformer_rf_vm_original,val,candidate,False,-1.3164316415786743,4.66257381439209,7.105522168143762,18865,2695,5390,27583,27583,0,27334,16,120.44981145858765,enhanced_publishable,purged_temporal,train,minmax,none,"RF,VM",original,1,42
11Amar,unhealthy,transformer_rf_vm_original,test,candidate,False,0.7804689407348633,7.649113655090332,11.705701720050321,18865,2695,5390,27583,27583,0,27334,16,120.44981145858765,enhanced_publishable,purged_temporal,train,minmax,none,"RF,VM",original,1,42
1Nmar,healthy,transformer_4ch_extended,val,candidate,False,8.613229751586914,8.613229751586914,10.950089016208526,3533,504,1011,5700,5681,19,5432,56,38.26420044898987,enhanced_publishable,purged_temporal,train,standard,standard,"RF,BF,VM,ST",extended,1,42
1Nmar,healthy,transformer_4ch_extended,test,candidate,False,5.3756794929504395,8.862914085388184,10.726520891101927,3533,504,1011,5700,5681,19,5432,56,38.26420044898987,enhanced_publishable,purged_temporal,train,standard,standard,"RF,BF,VM,ST",extended,1,42
2Nmar,healthy,transformer_4ch_extended,val,candidate,False,1.7774717807769775,9.843679428100586,13.917070272535923,4725,675,1351,7400,7384,16,7135,56,38.20175838470459,enhanced_publishable,purged_temporal,train,standard,standard,"RF,BF,VM,ST",extended,1,42
2Nmar,healthy,transformer_4ch_extended,test,candidate,False,-2.225677490234375,7.600471496582031,10.57008838627437,4725,675,1351,7400,7384,16,7135,56,38.20175838470459,enhanced_publishable,purged_temporal,train,standard,standard,"RF,BF,VM,ST",extended,1,42
3Nmar,healthy,transformer_4ch_extended,val,candidate,False,-0.008180654607713223,8.048181533813477,9.282285690319963,4402,628,1259,6940,6922,18,6673,56,42.60059595108032,enhanced_publishable,purged_temporal,train,standard,standard,"RF,BF,VM,ST",extended,1,42
3Nmar,healthy,transformer_4ch_extended,test,candidate,False,-8.019050598144531,11.89080810546875,16.138947834571844,4402,628,1259,6940,6922,18,6673,56,42.60059595108032,enhanced_publishable,purged_temporal,train,standard,standard,"RF,BF,VM,ST",extended,1,42
4Nmar,healthy,transformer_4ch_extended,val,candidate,False,1.2837803363800049,3.353142261505127,4.163586787950492,4822,688,1379,7540,7522,18,7273,56,55.43775415420532,enhanced_publishable,purged_temporal,train,standard,standard,"RF,BF,VM,ST",extended,1,42
4Nmar,healthy,transformer_4ch_extended,test,candidate,False,-1.8819701671600342,6.380787372589111,9.316994625681636,4822,688,1379,7540,7522,18,7273,56,55.43775415420532,enhanced_publishable,purged_temporal,train,standard,standard,"RF,BF,VM,ST",extended,1,42
5Nmar,healthy,transformer_4ch_extended,val,candidate,False,4.166491985321045,4.2680559158325195,7.240150337976685,4151,593,1186,6580,6563,17,6314,56,128.7942497730255,enhanced_publishable,purged_temporal,train,standard,standard,"RF,BF,VM,ST",extended,1,42
5Nmar,healthy,transformer_4ch_extended,test,candidate,False,-2.3051908016204834,5.8038530349731445,8.065738471148252,4151,593,1186,6580,6563,17,6314,56,128.7942497730255,enhanced_publishable,purged_temporal,train,standard,standard,"RF,BF,VM,ST",extended,1,42
6Nmar,healthy,transformer_4ch_extended,val,candidate,False,0.2832900881767273,4.226654052734375,6.097943706689262,4666,666,1335,7320,7300,20,7051,56,29.358047246932983,enhanced_publishable,purged_temporal,train,standard,standard,"RF,BF,VM,ST",extended,1,42
6Nmar,healthy,transformer_4ch_extended,test,candidate,False,-2.649754524230957,7.188317775726318,9.995673197239675,4666,666,1335,7320,7300,20,7051,56,29.358047246932983,enhanced_publishable,purged_temporal,train,standard,standard,"RF,BF,VM,ST",extended,1,42
7Nmar,healthy,transformer_4ch_extended,val,candidate,False,0.19642746448516846,2.36374568939209,3.2675862970609106,5259,751,1504,8147,8147,0,7898,56,32.422245264053345,enhanced_publishable,purged_temporal,train,standard,standard,"RF,BF,VM,ST",extended,1,42
7Nmar,healthy,transformer_4ch_extended,test,candidate,False,2.9293205738067627,4.755880355834961,5.883735817316134,5259,751,1504,8147,8147,0,7898,56,32.422245264053345,enhanced_publishable,purged_temporal,train,standard,standard,"RF,BF,VM,ST",extended,1,42
8Nmar,healthy,transformer_4ch_extended,val,candidate,False,-1.0254584550857544,2.6220436096191406,3.6000827885751083,6015,859,1720,9240,9227,13,8978,56,167.39542937278748,enhanced_publishable,purged_temporal,train,standard,standard,"RF,BF,VM,ST",extended,1,42
8Nmar,healthy,transformer_4ch_extended,test,candidate,False,0.7145695090293884,3.5260963439941406,5.626810587779463,6015,859,1720,9240,9227,13,8978,56,167.39542937278748,enhanced_publishable,purged_temporal,train,standard,standard,"RF,BF,VM,ST",extended,1,42
9Nmar,healthy,transformer_4ch_extended,val,candidate,False,-10.18860912322998,10.18860912322998,11.358228455075876,3297,471,942,5360,5343,17,5094,56,102.00175023078918,enhanced_publishable,purged_temporal,train,standard,standard,"RF,BF,VM,ST",extended,1,42
9Nmar,healthy,transformer_4ch_extended,test,candidate,False,-2.9104816913604736,4.460623741149902,7.543005415255917,3297,471,942,5360,5343,17,5094,56,102.00175023078918,enhanced_publishable,purged_temporal,train,standard,standard,"RF,BF,VM,ST",extended,1,42
10Nmar,healthy,transformer_4ch_extended,val,candidate,False,-4.7815704345703125,4.889804840087891,6.522221361658811,3648,521,1043,5860,5845,15,5596,56,25.379945516586304,enhanced_publishable,purged_temporal,train,standard,standard,"RF,BF,VM,ST",extended,1,42
10Nmar,healthy,transformer_4ch_extended,test,candidate,False,4.075854301452637,13.199909210205078,15.401868711765243,3648,521,1043,5860,5845,15,5596,56,25.379945516586304,enhanced_publishable,purged_temporal,train,standard,standard,"RF,BF,VM,ST",extended,1,42
11Nmar,healthy,transformer_4ch_extended,val,candidate,False,2.4418466091156006,4.314464092254639,5.847403460321787,3679,525,1053,5890,5890,0,5641,56,77.03505802154541,enhanced_publishable,purged_temporal,train,standard,standard,"RF,BF,VM,ST",extended,1,42
11Nmar,healthy,transformer_4ch_extended,test,candidate,False,1.2663917541503906,5.105504035949707,6.304872039779101,3679,525,1053,5890,5890,0,5641,56,77.03505802154541,enhanced_publishable,purged_temporal,train,standard,standard,"RF,BF,VM,ST",extended,1,42
1Amar,unhealthy,transformer_4ch_extended,val,candidate,False,-3.3953194618225098,7.5294671058654785,9.633071883546506,8638,1234,2468,12973,12973,0,12724,56,128.84107303619385,enhanced_publishable,purged_temporal,train,standard,standard,"RF,BF,VM,ST",extended,1,42
1Amar,unhealthy,transformer_4ch_extended,test,candidate,False,-1.6378931999206543,5.283529281616211,7.869278297536075,8638,1234,2468,12973,12973,0,12724,56,128.84107303619385,enhanced_publishable,purged_temporal,train,standard,standard,"RF,BF,VM,ST",extended,1,42
2Amar,unhealthy,transformer_4ch_extended,val,candidate,False,-6.911082744598389,7.126089096069336,12.676879647132832,7309,1044,2089,11075,11075,0,10826,56,157.6574318408966,enhanced_publishable,purged_temporal,train,standard,standard,"RF,BF,VM,ST",extended,1,42
2Amar,unhealthy,transformer_4ch_extended,test,candidate,False,-2.7389004230499268,4.243627548217773,7.187286639156563,7309,1044,2089,11075,11075,0,10826,56,157.6574318408966,enhanced_publishable,purged_temporal,train,standard,standard,"RF,BF,VM,ST",extended,1,42
3Amar,unhealthy,transformer_4ch_extended,val,candidate,False,0.15226103365421295,1.7277826070785522,2.430346825734832,30122,4303,8607,43665,43665,0,43416,56,233.61626291275024,enhanced_publishable,purged_temporal,train,standard,standard,"RF,BF,VM,ST",extended,1,42
3Amar,unhealthy,transformer_4ch_extended,test,candidate,False,-1.787074089050293,3.822080612182617,7.6475631323182265,30122,4303,8607,43665,43665,0,43416,56,233.61626291275024,enhanced_publishable,purged_temporal,train,standard,standard,"RF,BF,VM,ST",extended,1,42
4Amar,unhealthy,transformer_4ch_extended,val,candidate,False,-0.5394531488418579,1.764920711517334,2.5465607244448174,39137,5591,11183,56544,56544,0,56295,56,722.7156276702881,enhanced_publishable,purged_temporal,train,standard,standard,"RF,BF,VM,ST",extended,1,42
4Amar,unhealthy,transformer_4ch_extended,test,candidate,False,-1.717335820198059,5.956466197967529,11.061633404770879,39137,5591,11183,56544,56544,0,56295,56,722.7156276702881,enhanced_publishable,purged_temporal,train,standard,standard,"RF,BF,VM,ST",extended,1,42
5Amar,unhealthy,transformer_4ch_extended,val,candidate,False,-0.3179101347923279,4.850140571594238,7.430289227079043,31788,4541,9083,46045,46045,0,45796,56,400.4642403125763,enhanced_publishable,purged_temporal,train,standard,standard,"RF,BF,VM,ST",extended,1,42
5Amar,unhealthy,transformer_4ch_extended,test,candidate,False,-1.6209532022476196,5.714633464813232,9.600472645250703,31788,4541,9083,46045,46045,0,45796,56,400.4642403125763,enhanced_publishable,purged_temporal,train,standard,standard,"RF,BF,VM,ST",extended,1,42
6Amar,unhealthy,transformer_4ch_extended,val,candidate,False,-0.2207559496164322,2.0321168899536133,3.241906873209122,35520,5074,10149,51376,51376,0,51127,56,290.4174873828888,enhanced_publishable,purged_temporal,train,standard,standard,"RF,BF,VM,ST",extended,1,42
6Amar,unhealthy,transformer_4ch_extended,test,candidate,False,-3.0424094200134277,4.014097213745117,6.475213843389803,35520,5074,10149,51376,51376,0,51127,56,290.4174873828888,enhanced_publishable,purged_temporal,train,standard,standard,"RF,BF,VM,ST",extended,1,42
7Amar,unhealthy,transformer_4ch_extended,val,candidate,False,0.021951138973236084,5.17816686630249,7.009645356310135,10564,1509,3019,15725,15725,0,15476,56,62.499433279037476,enhanced_publishable,purged_temporal,train,standard,standard,"RF,BF,VM,ST",extended,1,42
7Amar,unhealthy,transformer_4ch_extended,test,candidate,False,0.9306812882423401,7.413111686706543,10.900403398521005,10564,1509,3019,15725,15725,0,15476,56,62.499433279037476,enhanced_publishable,purged_temporal,train,standard,standard,"RF,BF,VM,ST",extended,1,42
8Amar,unhealthy,transformer_4ch_extended,val,candidate,False,-5.947804927825928,5.9580488204956055,8.84410455754593,6687,955,1912,10187,10187,0,9938,56,37.81742787361145,enhanced_publishable,purged_temporal,train,standard,standard,"RF,BF,VM,ST",extended,1,42
8Amar,unhealthy,transformer_4ch_extended,test,candidate,False,-1.8212990760803223,6.7376837730407715,8.912567146979262,6687,955,1912,10187,10187,0,9938,56,37.81742787361145,enhanced_publishable,purged_temporal,train,standard,standard,"RF,BF,VM,ST",extended,1,42
9Amar,unhealthy,transformer_4ch_extended,val,candidate,False,-3.894484043121338,4.894737243652344,6.1081391862700425,22012,3144,6291,32080,32080,0,31831,56,420.50649213790894,enhanced_publishable,purged_temporal,train,standard,standard,"RF,BF,VM,ST",extended,1,42
9Amar,unhealthy,transformer_4ch_extended,test,candidate,False,-0.5147462487220764,4.524054527282715,6.706040964130599,22012,3144,6291,32080,32080,0,31831,56,420.50649213790894,enhanced_publishable,purged_temporal,train,standard,standard,"RF,BF,VM,ST",extended,1,42
10Amar,unhealthy,transformer_4ch_extended,val,candidate,False,1.370052695274353,3.865105390548706,4.905454534688354,15584,2226,4453,22896,22896,0,22647,56,321.01544070243835,enhanced_publishable,purged_temporal,train,standard,standard,"RF,BF,VM,ST",extended,1,42
10Amar,unhealthy,transformer_4ch_extended,test,candidate,False,-0.5386199355125427,7.034819602966309,9.523419875393865,15584,2226,4453,22896,22896,0,22647,56,321.01544070243835,enhanced_publishable,purged_temporal,train,standard,standard,"RF,BF,VM,ST",extended,1,42
11Amar,unhealthy,transformer_4ch_extended,val,candidate,False,-4.741706848144531,6.49647855758667,8.66859145676149,18865,2695,5390,27583,27583,0,27334,56,105.3195059299469,enhanced_publishable,purged_temporal,train,standard,standard,"RF,BF,VM,ST",extended,1,42
11Amar,unhealthy,transformer_4ch_extended,test,candidate,False,0.19091375172138214,5.501984119415283,7.337620551241656,18865,2695,5390,27583,27583,0,27334,56,105.3195059299469,enhanced_publishable,purged_temporal,train,standard,standard,"RF,BF,VM,ST",extended,1,42
1Nmar,healthy,causalgaitnet_4ch_extended,val,candidate,False,5.800939083099365,5.803723335266113,6.964009815382244,3533,504,1011,5700,5681,19,5432,56,120.28926539421082,enhanced_publishable,purged_temporal,train,standard,standard,"RF,BF,VM,ST",extended,1,42
1Nmar,healthy,causalgaitnet_4ch_extended,test,candidate,False,4.2411699295043945,8.70838737487793,10.48099177843719,3533,504,1011,5700,5681,19,5432,56,120.28926539421082,enhanced_publishable,purged_temporal,train,standard,standard,"RF,BF,VM,ST",extended,1,42
2Nmar,healthy,causalgaitnet_4ch_extended,val,candidate,False,3.621680498123169,14.757099151611328,20.245660010668413,4725,675,1351,7400,7384,16,7135,56,43.91833162307739,enhanced_publishable,purged_temporal,train,standard,standard,"RF,BF,VM,ST",extended,1,42
2Nmar,healthy,causalgaitnet_4ch_extended,test,candidate,False,-1.1166045665740967,6.7559027671813965,9.170178752059666,4725,675,1351,7400,7384,16,7135,56,43.91833162307739,enhanced_publishable,purged_temporal,train,standard,standard,"RF,BF,VM,ST",extended,1,42
3Nmar,healthy,causalgaitnet_4ch_extended,val,candidate,False,0.5780832171440125,8.770732879638672,10.534457026874913,4402,628,1259,6940,6922,18,6673,56,83.42581510543823,enhanced_publishable,purged_temporal,train,standard,standard,"RF,BF,VM,ST",extended,1,42
3Nmar,healthy,causalgaitnet_4ch_extended,test,candidate,False,-8.886451721191406,12.068117141723633,17.08152163443457,4402,628,1259,6940,6922,18,6673,56,83.42581510543823,enhanced_publishable,purged_temporal,train,standard,standard,"RF,BF,VM,ST",extended,1,42
4Nmar,healthy,causalgaitnet_4ch_extended,val,candidate,False,1.8033748865127563,3.002028465270996,3.822420689201011,4822,688,1379,7540,7522,18,7273,56,46.22528338432312,enhanced_publishable,purged_temporal,train,standard,standard,"RF,BF,VM,ST",extended,1,42
4Nmar,healthy,causalgaitnet_4ch_extended,test,candidate,False,-2.794743299484253,5.997114181518555,8.103939991373892,4822,688,1379,7540,7522,18,7273,56,46.22528338432312,enhanced_publishable,purged_temporal,train,standard,standard,"RF,BF,VM,ST",extended,1,42
5Nmar,healthy,causalgaitnet_4ch_extended,val,candidate,False,4.2512125968933105,4.79400110244751,7.8171221678323795,4151,593,1186,6580,6563,17,6314,56,73.06550478935242,enhanced_publishable,purged_temporal,train,standard,standard,"RF,BF,VM,ST",extended,1,42
5Nmar,healthy,causalgaitnet_4ch_extended,test,candidate,False,-3.763032913208008,6.53638219833374,9.843436874980139,4151,593,1186,6580,6563,17,6314,56,73.06550478935242,enhanced_publishable,purged_temporal,train,standard,standard,"RF,BF,VM,ST",extended,1,42
6Nmar,healthy,causalgaitnet_4ch_extended,val,candidate,False,0.9481155276298523,2.8599002361297607,3.9249380847882667,4666,666,1335,7320,7300,20,7051,56,40.10066866874695,enhanced_publishable,purged_temporal,train,standard,standard,"RF,BF,VM,ST",extended,1,42
6Nmar,healthy,causalgaitnet_4ch_extended,test,candidate,False,-2.6092445850372314,6.253528594970703,9.109711681706953,4666,666,1335,7320,7300,20,7051,56,40.10066866874695,enhanced_publishable,purged_temporal,train,standard,standard,"RF,BF,VM,ST",extended,1,42
7Nmar,healthy,causalgaitnet_4ch_extended,val,candidate,False,0.644835352897644,1.6817268133163452,2.124458019478351,5259,751,1504,8147,8147,0,7898,56,141.1760721206665,enhanced_publishable,purged_temporal,train,standard,standard,"RF,BF,VM,ST",extended,1,42
7Nmar,healthy,causalgaitnet_4ch_extended,test,candidate,False,4.330748081207275,4.831475257873535,6.845081495938172,5259,751,1504,8147,8147,0,7898,56,141.1760721206665,enhanced_publishable,purged_temporal,train,standard,standard,"RF,BF,VM,ST",extended,1,42
8Nmar,healthy,causalgaitnet_4ch_extended,val,candidate,False,-1.1328344345092773,2.9067087173461914,3.786476117721553,6015,859,1720,9240,9227,13,8978,56,82.68639731407166,enhanced_publishable,purged_temporal,train,standard,standard,"RF,BF,VM,ST",extended,1,42
8Nmar,healthy,causalgaitnet_4ch_extended,test,candidate,False,0.4495062828063965,4.028025150299072,6.325412649331755,6015,859,1720,9240,9227,13,8978,56,82.68639731407166,enhanced_publishable,purged_temporal,train,standard,standard,"RF,BF,VM,ST",extended,1,42
9Nmar,healthy,causalgaitnet_4ch_extended,val,candidate,False,-19.803796768188477,19.803796768188477,22.23204018617823,3297,471,942,5360,5343,17,5094,56,28.119576930999756,enhanced_publishable,purged_temporal,train,standard,standard,"RF,BF,VM,ST",extended,1,42
9Nmar,healthy,causalgaitnet_4ch_extended,test,candidate,False,-4.9372100830078125,6.333615779876709,11.091436956268687,3297,471,942,5360,5343,17,5094,56,28.119576930999756,enhanced_publishable,purged_temporal,train,standard,standard,"RF,BF,VM,ST",extended,1,42
10Nmar,healthy,causalgaitnet_4ch_extended,val,candidate,False,-1.707216739654541,2.2348690032958984,2.6856429315207637,3648,521,1043,5860,5845,15,5596,56,29.96617579460144,enhanced_publishable,purged_temporal,train,standard,standard,"RF,BF,VM,ST",extended,1,42
10Nmar,healthy,causalgaitnet_4ch_extended,test,candidate,False,5.123480319976807,9.701674461364746,12.557685498844547,3648,521,1043,5860,5845,15,5596,56,29.96617579460144,enhanced_publishable,purged_temporal,train,standard,standard,"RF,BF,VM,ST",extended,1,42
11Nmar,healthy,causalgaitnet_4ch_extended,val,candidate,False,2.0512359142303467,4.21555233001709,5.361952626139644,3679,525,1053,5890,5890,0,5641,56,76.96640110015869,enhanced_publishable,purged_temporal,train,standard,standard,"RF,BF,VM,ST",extended,1,42
11Nmar,healthy,causalgaitnet_4ch_extended,test,candidate,False,0.3907393515110016,4.516823768615723,6.036798484594589,3679,525,1053,5890,5890,0,5641,56,76.96640110015869,enhanced_publishable,purged_temporal,train,standard,standard,"RF,BF,VM,ST",extended,1,42
1Amar,unhealthy,causalgaitnet_4ch_extended,val,candidate,False,-2.7191176414489746,7.490655422210693,9.79517599215477,8638,1234,2468,12973,12973,0,12724,56,93.05422925949097,enhanced_publishable,purged_temporal,train,standard,standard,"RF,BF,VM,ST",extended,1,42
1Amar,unhealthy,causalgaitnet_4ch_extended,test,candidate,False,-1.3418813943862915,4.155690670013428,6.250527931804603,8638,1234,2468,12973,12973,0,12724,56,93.05422925949097,enhanced_publishable,purged_temporal,train,standard,standard,"RF,BF,VM,ST",extended,1,42
2Amar,unhealthy,causalgaitnet_4ch_extended,val,candidate,False,-7.043211460113525,7.1492390632629395,12.956268113266704,7309,1044,2089,11075,11075,0,10826,56,158.0955250263214,enhanced_publishable,purged_temporal,train,standard,standard,"RF,BF,VM,ST",extended,1,42
2Amar,unhealthy,causalgaitnet_4ch_extended,test,candidate,False,-0.4431501626968384,3.1657493114471436,4.469984404261476,7309,1044,2089,11075,11075,0,10826,56,158.0955250263214,enhanced_publishable,purged_temporal,train,standard,standard,"RF,BF,VM,ST",extended,1,42
3Amar,unhealthy,causalgaitnet_4ch_extended,val,candidate,False,0.3758009672164917,1.5301858186721802,2.022097346300984,30122,4303,8607,43665,43665,0,43416,56,527.6936566829681,enhanced_publishable,purged_temporal,train,standard,standard,"RF,BF,VM,ST",extended,1,42
3Amar,unhealthy,causalgaitnet_4ch_extended,test,candidate,False,-2.1169047355651855,3.6288068294525146,7.806305649790381,30122,4303,8607,43665,43665,0,43416,56,527.6936566829681,enhanced_publishable,purged_temporal,train,standard,standard,"RF,BF,VM,ST",extended,1,42
4Amar,unhealthy,causalgaitnet_4ch_extended,val,candidate,False,-0.476341187953949,1.8683950901031494,2.80914598322877,39137,5591,11183,56544,56544,0,56295,56,399.6288483142853,enhanced_publishable,purged_temporal,train,standard,standard,"RF,BF,VM,ST",extended,1,42
4Amar,unhealthy,causalgaitnet_4ch_extended,test,candidate,False,-0.006834540516138077,7.7523040771484375,12.7835449546065,39137,5591,11183,56544,56544,0,56295,56,399.6288483142853,enhanced_publishable,purged_temporal,train,standard,standard,"RF,BF,VM,ST",extended,1,42
5Amar,unhealthy,causalgaitnet_4ch_extended,val,candidate,False,-0.6772705316543579,4.378389358520508,6.9383299734910935,31788,4541,9083,46045,46045,0,45796,56,360.282910823822,enhanced_publishable,purged_temporal,train,standard,standard,"RF,BF,VM,ST",extended,1,42
5Amar,unhealthy,causalgaitnet_4ch_extended,test,candidate,False,-1.0378947257995605,5.549888610839844,8.77951608284453,31788,4541,9083,46045,46045,0,45796,56,360.282910823822,enhanced_publishable,purged_temporal,train,standard,standard,"RF,BF,VM,ST",extended,1,42
6Amar,unhealthy,causalgaitnet_4ch_extended,val,candidate,False,-0.46356454491615295,2.0183064937591553,3.073247928329163,35520,5074,10149,51376,51376,0,51127,56,289.9495372772217,enhanced_publishable,purged_temporal,train,standard,standard,"RF,BF,VM,ST",extended,1,42
6Amar,unhealthy,causalgaitnet_4ch_extended,test,candidate,False,-3.6317105293273926,4.708775043487549,7.388606047734124,35520,5074,10149,51376,51376,0,51127,56,289.9495372772217,enhanced_publishable,purged_temporal,train,standard,standard,"RF,BF,VM,ST",extended,1,42
7Amar,unhealthy,causalgaitnet_4ch_extended,val,candidate,False,-0.33284229040145874,4.556111812591553,6.733453886759542,10564,1509,3019,15725,15725,0,15476,56,98.22660398483276,enhanced_publishable,purged_temporal,train,standard,standard,"RF,BF,VM,ST",extended,1,42
7Amar,unhealthy,causalgaitnet_4ch_extended,test,candidate,False,0.9225283861160278,7.129024028778076,10.856659254618727,10564,1509,3019,15725,15725,0,15476,56,98.22660398483276,enhanced_publishable,purged_temporal,train,standard,standard,"RF,BF,VM,ST",extended,1,42
8Amar,unhealthy,causalgaitnet_4ch_extended,val,candidate,False,-6.035561561584473,6.1216230392456055,11.157490466312726,6687,955,1912,10187,10187,0,9938,56,59.06754660606384,enhanced_publishable,purged_temporal,train,standard,standard,"RF,BF,VM,ST",extended,1,42
8Amar,unhealthy,causalgaitnet_4ch_extended,test,candidate,False,-2.4009852409362793,7.595008850097656,10.346782873556375,6687,955,1912,10187,10187,0,9938,56,59.06754660606384,enhanced_publishable,purged_temporal,train,standard,standard,"RF,BF,VM,ST",extended,1,42
9Amar,unhealthy,causalgaitnet_4ch_extended,val,candidate,False,-3.804464817047119,5.007943153381348,6.815917391585377,22012,3144,6291,32080,32080,0,31831,56,424.8418881893158,enhanced_publishable,purged_temporal,train,standard,standard,"RF,BF,VM,ST",extended,1,42
9Amar,unhealthy,causalgaitnet_4ch_extended,test,candidate,False,-0.8164594173431396,4.043582916259766,6.721851573355273,22012,3144,6291,32080,32080,0,31831,56,424.8418881893158,enhanced_publishable,purged_temporal,train,standard,standard,"RF,BF,VM,ST",extended,1,42
10Amar,unhealthy,causalgaitnet_4ch_extended,val,candidate,False,1.9698973894119263,5.767088413238525,7.2538281561325375,15584,2226,4453,22896,22896,0,22647,56,233.38454222679138,enhanced_publishable,purged_temporal,train,standard,standard,"RF,BF,VM,ST",extended,1,42
10Amar,unhealthy,causalgaitnet_4ch_extended,test,candidate,False,-0.32937416434288025,6.7097578048706055,8.94666380691293,15584,2226,4453,22896,22896,0,22647,56,233.38454222679138,enhanced_publishable,purged_temporal,train,standard,standard,"RF,BF,VM,ST",extended,1,42
11Amar,unhealthy,causalgaitnet_4ch_extended,val,candidate,False,-4.654833793640137,5.587533950805664,8.225175441737598,18865,2695,5390,27583,27583,0,27334,56,312.0939042568207,enhanced_publishable,purged_temporal,train,standard,standard,"RF,BF,VM,ST",extended,1,42
11Amar,unhealthy,causalgaitnet_4ch_extended,test,candidate,False,-0.4550751745700836,4.064669132232666,5.978063217936599,18865,2695,5390,27583,27583,0,27334,56,312.0939042568207,enhanced_publishable,purged_temporal,train,standard,standard,"RF,BF,VM,ST",extended,1,42
1Nmar,healthy,causalgaitnet_multihorizon_4ch_extended,val,candidate,False,6.316819190979004,6.316819190979004,7.975968027706976,3493,499,999,5700,5681,19,5432,56,40.77796244621277,enhanced_publishable,purged_temporal,train,standard,standard,"RF,BF,VM,ST",extended,"1,5,10,20",42
1Nmar,healthy,causalgaitnet_multihorizon_4ch_extended,test,candidate,False,5.510016918182373,11.832773208618164,14.520639922697912,3493,499,999,5700,5681,19,5432,56,40.77796244621277,enhanced_publishable,purged_temporal,train,standard,standard,"RF,BF,VM,ST",extended,"1,5,10,20",42
2Nmar,healthy,causalgaitnet_multihorizon_4ch_extended,val,candidate,False,3.7616219520568848,20.601655960083008,27.869090732596906,4685,669,1340,7400,7384,16,7135,56,43.92938160896301,enhanced_publishable,purged_temporal,train,standard,standard,"RF,BF,VM,ST",extended,"1,5,10,20",42
2Nmar,healthy,causalgaitnet_multihorizon_4ch_extended,test,candidate,False,-1.4632179737091064,8.131766319274902,12.778136081555479,4685,669,1340,7400,7384,16,7135,56,43.92938160896301,enhanced_publishable,purged_temporal,train,standard,standard,"RF,BF,VM,ST",extended,"1,5,10,20",42
3Nmar,healthy,causalgaitnet_multihorizon_4ch_extended,val,candidate,False,1.3634642362594604,7.524689197540283,9.109930685640148,4362,623,1247,6940,6922,18,6673,56,53.15268683433533,enhanced_publishable,purged_temporal,train,standard,standard,"RF,BF,VM,ST",extended,"1,5,10,20",42
3Nmar,healthy,causalgaitnet_multihorizon_4ch_extended,test,candidate,False,-10.030341148376465,13.525196075439453,18.96925194970139,4362,623,1247,6940,6922,18,6673,56,53.15268683433533,enhanced_publishable,purged_temporal,train,standard,standard,"RF,BF,VM,ST",extended,"1,5,10,20",42
4Nmar,healthy,causalgaitnet_multihorizon_4ch_extended,val,candidate,False,1.9756953716278076,2.8705368041992188,3.666548741496162,4782,683,1367,7540,7522,18,7273,56,68.9110016822815,enhanced_publishable,purged_temporal,train,standard,standard,"RF,BF,VM,ST",extended,"1,5,10,20",42
4Nmar,healthy,causalgaitnet_multihorizon_4ch_extended,test,candidate,False,-1.6323052644729614,4.261066436767578,6.084115417930628,4782,683,1367,7540,7522,18,7273,56,68.9110016822815,enhanced_publishable,purged_temporal,train,standard,standard,"RF,BF,VM,ST",extended,"1,5,10,20",42
5Nmar,healthy,causalgaitnet_multihorizon_4ch_extended,val,candidate,False,5.443970680236816,5.443970680236816,8.44943139685599,4111,587,1175,6580,6563,17,6314,56,47.501192808151245,enhanced_publishable,purged_temporal,train,standard,standard,"RF,BF,VM,ST",extended,"1,5,10,20",42
5Nmar,healthy,causalgaitnet_multihorizon_4ch_extended,test,candidate,False,-2.7551698684692383,6.885498046875,9.872536653792112,4111,587,1175,6580,6563,17,6314,56,47.501192808151245,enhanced_publishable,purged_temporal,train,standard,standard,"RF,BF,VM,ST",extended,"1,5,10,20",42
6Nmar,healthy,causalgaitnet_multihorizon_4ch_extended,val,candidate,False,0.9708961248397827,2.3391709327697754,3.357187383872418,4627,661,1322,7320,7300,20,7051,56,163.58802151679993,enhanced_publishable,purged_temporal,train,standard,standard,"RF,BF,VM,ST",extended,"1,5,10,20",42
6Nmar,healthy,causalgaitnet_multihorizon_4ch_extended,test,candidate,False,-2.5875165462493896,6.973445892333984,9.809174769977785,4627,661,1322,7320,7300,20,7051,56,163.58802151679993,enhanced_publishable,purged_temporal,train,standard,standard,"RF,BF,VM,ST",extended,"1,5,10,20",42
7Nmar,healthy,causalgaitnet_multihorizon_4ch_extended,val,candidate,False,-3.532020092010498,4.237035274505615,8.116798369522577,5219,745,1493,8147,8147,0,7898,56,43.414623975753784,enhanced_publishable,purged_temporal,train,standard,standard,"RF,BF,VM,ST",extended,"1,5,10,20",42
7Nmar,healthy,causalgaitnet_multihorizon_4ch_extended,test,candidate,False,1.7615503072738647,4.5345563888549805,6.495312100635963,5219,745,1493,8147,8147,0,7898,56,43.414623975753784,enhanced_publishable,purged_temporal,train,standard,standard,"RF,BF,VM,ST",extended,"1,5,10,20",42
8Nmar,healthy,causalgaitnet_multihorizon_4ch_extended,val,candidate,False,-1.389305591583252,3.1634390354156494,4.222253771435392,5975,853,1709,9240,9227,13,8978,56,103.40122485160828,enhanced_publishable,purged_temporal,train,standard,standard,"RF,BF,VM,ST",extended,"1,5,10,20",42
8Nmar,healthy,causalgaitnet_multihorizon_4ch_extended,test,candidate,False,0.820155143737793,3.5305864810943604,5.031289236733165,5975,853,1709,9240,9227,13,8978,56,103.40122485160828,enhanced_publishable,purged_temporal,train,standard,standard,"RF,BF,VM,ST",extended,"1,5,10,20",42
9Nmar,healthy,causalgaitnet_multihorizon_4ch_extended,val,candidate,False,-15.200728416442871,15.200728416442871,17.060401871342854,3257,465,931,5360,5343,17,5094,56,63.07639932632446,enhanced_publishable,purged_temporal,train,standard,standard,"RF,BF,VM,ST",extended,"1,5,10,20",42
9Nmar,healthy,causalgaitnet_multihorizon_4ch_extended,test,candidate,False,-3.4331085681915283,4.787354946136475,8.617295957074726,3257,465,931,5360,5343,17,5094,56,63.07639932632446,enhanced_publishable,purged_temporal,train,standard,standard,"RF,BF,VM,ST",extended,"1,5,10,20",42
10Nmar,healthy,causalgaitnet_multihorizon_4ch_extended,val,candidate,False,-4.571844577789307,4.578147888183594,6.0584753776315035,3608,515,1032,5860,5845,15,5596,56,184.2751660346985,enhanced_publishable,purged_temporal,train,standard,standard,"RF,BF,VM,ST",extended,"1,5,10,20",42
10Nmar,healthy,causalgaitnet_multihorizon_4ch_extended,test,candidate,False,3.368291139602661,10.805684089660645,13.168148939178012,3608,515,1032,5860,5845,15,5596,56,184.2751660346985,enhanced_publishable,purged_temporal,train,standard,standard,"RF,BF,VM,ST",extended,"1,5,10,20",42
11Nmar,healthy,causalgaitnet_multihorizon_4ch_extended,val,candidate,False,2.221705436706543,4.790083885192871,6.222369650199247,3639,520,1041,5890,5890,0,5641,56,64.08407282829285,enhanced_publishable,purged_temporal,train,standard,standard,"RF,BF,VM,ST",extended,"1,5,10,20",42
11Nmar,healthy,causalgaitnet_multihorizon_4ch_extended,test,candidate,False,0.7018929123878479,4.383222579956055,5.699838187614648,3639,520,1041,5890,5890,0,5641,56,64.08407282829285,enhanced_publishable,purged_temporal,train,standard,standard,"RF,BF,VM,ST",extended,"1,5,10,20",42
1Amar,unhealthy,causalgaitnet_multihorizon_4ch_extended,val,candidate,False,-1.7987308502197266,8.119367599487305,10.772901050027862,8598,1228,2457,12973,12973,0,12724,56,95.24723410606384,enhanced_publishable,purged_temporal,train,standard,standard,"RF,BF,VM,ST",extended,"1,5,10,20",42
1Amar,unhealthy,causalgaitnet_multihorizon_4ch_extended,test,candidate,False,-0.8596004843711853,4.768004417419434,7.080294177737994,8598,1228,2457,12973,12973,0,12724,56,95.24723410606384,enhanced_publishable,purged_temporal,train,standard,standard,"RF,BF,VM,ST",extended,"1,5,10,20",42
2Amar,unhealthy,causalgaitnet_multihorizon_4ch_extended,val,candidate,False,-7.84635591506958,7.964590549468994,13.762066904125732,7269,1038,2078,11075,11075,0,10826,56,130.91056156158447,enhanced_publishable,purged_temporal,train,standard,standard,"RF,BF,VM,ST",extended,"1,5,10,20",42
2Amar,unhealthy,causalgaitnet_multihorizon_4ch_extended,test,candidate,False,-0.5200586915016174,2.643967390060425,3.926252133800919,7269,1038,2078,11075,11075,0,10826,56,130.91056156158447,enhanced_publishable,purged_temporal,train,standard,standard,"RF,BF,VM,ST",extended,"1,5,10,20",42
3Amar,unhealthy,causalgaitnet_multihorizon_4ch_extended,val,candidate,False,0.3673195242881775,1.9341094493865967,2.607239174603363,30082,4297,8596,43665,43665,0,43416,56,372.8042244911194,enhanced_publishable,purged_temporal,train,standard,standard,"RF,BF,VM,ST",extended,"1,5,10,20",42
3Amar,unhealthy,causalgaitnet_multihorizon_4ch_extended,test,candidate,False,-1.9646903276443481,3.8360893726348877,8.486534672759731,30082,4297,8596,43665,43665,0,43416,56,372.8042244911194,enhanced_publishable,purged_temporal,train,standard,standard,"RF,BF,VM,ST",extended,"1,5,10,20",42
4Amar,unhealthy,causalgaitnet_multihorizon_4ch_extended,val,candidate,False,-0.6099866628646851,1.6430530548095703,2.6469378431261914,39097,5585,11172,56544,56544,0,56295,56,773.4706716537476,enhanced_publishable,purged_temporal,train,standard,standard,"RF,BF,VM,ST",extended,"1,5,10,20",42
4Amar,unhealthy,causalgaitnet_multihorizon_4ch_extended,test,candidate,False,-1.3351784944534302,7.217826843261719,13.325308928209754,39097,5585,11172,56544,56544,0,56295,56,773.4706716537476,enhanced_publishable,purged_temporal,train,standard,standard,"RF,BF,VM,ST",extended,"1,5,10,20",42
5Amar,unhealthy,causalgaitnet_multihorizon_4ch_extended,val,candidate,False,-0.11268512159585953,2.8163421154022217,3.9417772827326862,31748,4535,9072,46045,46045,0,45796,56,698.0868380069733,enhanced_publishable,purged_temporal,train,standard,standard,"RF,BF,VM,ST",extended,"1,5,10,20",42
5Amar,unhealthy,causalgaitnet_multihorizon_4ch_extended,test,candidate,False,-0.6178321838378906,5.320584297180176,8.554602774979989,31748,4535,9072,46045,46045,0,45796,56,698.0868380069733,enhanced_publishable,purged_temporal,train,standard,standard,"RF,BF,VM,ST",extended,"1,5,10,20",42
6Amar,unhealthy,causalgaitnet_multihorizon_4ch_extended,val,candidate,False,-0.10789667069911957,1.6168749332427979,2.6786584240546216,35480,5068,10138,51376,51376,0,51127,56,588.1087539196014,enhanced_publishable,purged_temporal,train,standard,standard,"RF,BF,VM,ST",extended,"1,5,10,20",42
6Amar,unhealthy,causalgaitnet_multihorizon_4ch_extended,test,candidate,False,-3.0602855682373047,3.878571033477783,6.536715470280491,35480,5068,10138,51376,51376,0,51127,56,588.1087539196014,enhanced_publishable,purged_temporal,train,standard,standard,"RF,BF,VM,ST",extended,"1,5,10,20",42
7Amar,unhealthy,causalgaitnet_multihorizon_4ch_extended,val,candidate,False,-0.5777150392532349,4.930797576904297,7.403560874541849,10524,1503,3008,15725,15725,0,15476,56,87.88805556297302,enhanced_publishable,purged_temporal,train,standard,standard,"RF,BF,VM,ST",extended,"1,5,10,20",42
7Amar,unhealthy,causalgaitnet_multihorizon_4ch_extended,test,candidate,False,0.6900708079338074,6.597004413604736,10.500363661508386,10524,1503,3008,15725,15725,0,15476,56,87.88805556297302,enhanced_publishable,purged_temporal,train,standard,standard,"RF,BF,VM,ST",extended,"1,5,10,20",42
8Amar,unhealthy,causalgaitnet_multihorizon_4ch_extended,val,candidate,False,-5.554830551147461,6.240390300750732,10.177795655939576,6647,949,1901,10187,10187,0,9938,56,56.0924608707428,enhanced_publishable,purged_temporal,train,standard,standard,"RF,BF,VM,ST",extended,"1,5,10,20",42
8Amar,unhealthy,causalgaitnet_multihorizon_4ch_extended,test,candidate,False,-1.7215352058410645,7.6215972900390625,10.559258860965153,6647,949,1901,10187,10187,0,9938,56,56.0924608707428,enhanced_publishable,purged_temporal,train,standard,standard,"RF,BF,VM,ST",extended,"1,5,10,20",42
9Amar,unhealthy,causalgaitnet_multihorizon_4ch_extended,val,candidate,False,-3.7165286540985107,4.70974588394165,6.703448805735245,21973,3139,6278,32080,32080,0,31831,56,532.7635982036591,enhanced_publishable,purged_temporal,train,standard,standard,"RF,BF,VM,ST",extended,"1,5,10,20",42
9Amar,unhealthy,causalgaitnet_multihorizon_4ch_extended,test,candidate,False,-0.7656019926071167,3.1397740840911865,5.047931005583752,21973,3139,6278,32080,32080,0,31831,56,532.7635982036591,enhanced_publishable,purged_temporal,train,standard,standard,"RF,BF,VM,ST",extended,"1,5,10,20",42
10Amar,unhealthy,causalgaitnet_multihorizon_4ch_extended,val,candidate,False,1.877878189086914,4.830663204193115,6.06503651833606,15544,2220,4442,22896,22896,0,22647,56,192.28105473518372,enhanced_publishable,purged_temporal,train,standard,standard,"RF,BF,VM,ST",extended,"1,5,10,20",42
10Amar,unhealthy,causalgaitnet_multihorizon_4ch_extended,test,candidate,False,-0.6035158634185791,7.473443508148193,10.130035655193335,15544,2220,4442,22896,22896,0,22647,56,192.28105473518372,enhanced_publishable,purged_temporal,train,standard,standard,"RF,BF,VM,ST",extended,"1,5,10,20",42
11Amar,unhealthy,causalgaitnet_multihorizon_4ch_extended,val,candidate,False,-4.895636558532715,5.87188720703125,7.929604515806549,18825,2689,5379,27583,27583,0,27334,56,153.7511854171753,enhanced_publishable,purged_temporal,train,standard,standard,"RF,BF,VM,ST",extended,"1,5,10,20",42
11Amar,unhealthy,causalgaitnet_multihorizon_4ch_extended,test,candidate,False,-0.23701506853103638,4.788383483886719,6.516323427232628,18825,2689,5379,27583,27583,0,27334,56,153.7511854171753,enhanced_publishable,purged_temporal,train,standard,standard,"RF,BF,VM,ST",extended,"1,5,10,20",42
1Nmar,healthy,transformer_4ch_extended,test,candidate,True,6.417690277099609,10.367950439453125,12.495608359399089,3533,504,1011,5700,5681,19,5432,56,437.9954102039337,enhanced_publishable,purged_temporal,train,standard,standard,"RF,BF,VM,ST",extended,1,"42,3407,2026,2027,7"
2Nmar,healthy,transformer_4ch_extended,test,candidate,True,-3.3069145679473877,7.961536884307861,11.795107354115824,4725,675,1351,7400,7384,16,7135,56,287.131933927536,enhanced_publishable,purged_temporal,train,standard,standard,"RF,BF,VM,ST",extended,1,"42,3407,2026,2027,7"
3Nmar,healthy,transformer_4ch_extended,test,candidate,True,-7.073495864868164,11.123970031738281,15.429504053498093,4402,628,1259,6940,6922,18,6673,56,190.92184948921204,enhanced_publishable,purged_temporal,train,standard,standard,"RF,BF,VM,ST",extended,1,"42,3407,2026,2027,7"
4Nmar,healthy,transformer_4ch_extended,test,candidate,True,-2.210958242416382,6.5340166091918945,9.154520854484701,4822,688,1379,7540,7522,18,7273,56,206.78853631019592,enhanced_publishable,purged_temporal,train,standard,standard,"RF,BF,VM,ST",extended,1,"42,3407,2026,2027,7"
5Nmar,healthy,transformer_4ch_extended,test,candidate,True,-2.8440871238708496,6.1714558601379395,8.813327615171454,4151,593,1186,6580,6563,17,6314,56,687.4274423122406,enhanced_publishable,purged_temporal,train,standard,standard,"RF,BF,VM,ST",extended,1,"42,3407,2026,2027,7"
6Nmar,healthy,transformer_4ch_extended,test,candidate,True,-2.0901877880096436,6.516119480133057,8.88999553255499,4666,666,1335,7320,7300,20,7051,56,166.3560209274292,enhanced_publishable,purged_temporal,train,standard,standard,"RF,BF,VM,ST",extended,1,"42,3407,2026,2027,7"
7Nmar,healthy,transformer_4ch_extended,test,candidate,True,3.309661865234375,5.616091251373291,6.994194893412054,5259,751,1504,8147,8147,0,7898,56,176.99277901649475,enhanced_publishable,purged_temporal,train,standard,standard,"RF,BF,VM,ST",extended,1,"42,3407,2026,2027,7"
8Nmar,healthy,transformer_4ch_extended,test,candidate,True,0.6627466678619385,3.8002209663391113,5.835268771299295,6015,859,1720,9240,9227,13,8978,56,691.0634937286377,enhanced_publishable,purged_temporal,train,standard,standard,"RF,BF,VM,ST",extended,1,"42,3407,2026,2027,7"
9Nmar,healthy,transformer_4ch_extended,test,candidate,True,-3.515392303466797,5.602348327636719,9.21103730928218,3297,471,942,5360,5343,17,5094,56,347.95003604888916,enhanced_publishable,purged_temporal,train,standard,standard,"RF,BF,VM,ST",extended,1,"42,3407,2026,2027,7"
10Nmar,healthy,transformer_4ch_extended,test,candidate,True,4.425111293792725,13.154154777526855,15.299955500120387,3648,521,1043,5860,5845,15,5596,56,163.90611004829407,enhanced_publishable,purged_temporal,train,standard,standard,"RF,BF,VM,ST",extended,1,"42,3407,2026,2027,7"
11Nmar,healthy,transformer_4ch_extended,test,candidate,True,0.09686354547739029,4.486200332641602,6.151710036807093,3679,525,1053,5890,5890,0,5641,56,174.49583983421326,enhanced_publishable,purged_temporal,train,standard,standard,"RF,BF,VM,ST",extended,1,"42,3407,2026,2027,7"
1Amar,unhealthy,transformer_4ch_extended,test,candidate,True,-1.2259691953659058,4.405183792114258,6.5951889420543885,8638,1234,2468,12973,12973,0,12724,56,601.9470055103302,enhanced_publishable,purged_temporal,train,standard,standard,"RF,BF,VM,ST",extended,1,"42,3407,2026,2027,7"
2Amar,unhealthy,transformer_4ch_extended,test,candidate,True,-2.9295401573181152,4.428581237792969,7.222976570185401,7309,1044,2089,11075,11075,0,10826,56,912.5763583183289,enhanced_publishable,purged_temporal,train,standard,standard,"RF,BF,VM,ST",extended,1,"42,3407,2026,2027,7"
3Amar,unhealthy,transformer_4ch_extended,test,candidate,True,-1.9310215711593628,3.5987370014190674,7.331664704726294,30122,4303,8607,43665,43665,0,43416,56,1898.5051519870758,enhanced_publishable,purged_temporal,train,standard,standard,"RF,BF,VM,ST",extended,1,"42,3407,2026,2027,7"
4Amar,unhealthy,transformer_4ch_extended,test,candidate,True,-1.5681126117706299,6.036733150482178,10.772833416485003,39137,5591,11183,56544,56544,0,56295,56,5000.418228149414,enhanced_publishable,purged_temporal,train,standard,standard,"RF,BF,VM,ST",extended,1,"42,3407,2026,2027,7"
5Amar,unhealthy,transformer_4ch_extended,test,candidate,True,-1.628246545791626,5.660972595214844,9.127169416506806,31788,4541,9083,46045,46045,0,45796,56,1909.8325996398926,enhanced_publishable,purged_temporal,train,standard,standard,"RF,BF,VM,ST",extended,1,"42,3407,2026,2027,7"
6Amar,unhealthy,transformer_4ch_extended,test,candidate,True,-3.259420871734619,4.1052327156066895,6.62652570322547,35520,5074,10149,51376,51376,0,51127,56,1600.498006105423,enhanced_publishable,purged_temporal,train,standard,standard,"RF,BF,VM,ST",extended,1,"42,3407,2026,2027,7"
7Amar,unhealthy,transformer_4ch_extended,test,candidate,True,0.08584850281476974,6.855684757232666,10.015318391245849,10564,1509,3019,15725,15725,0,15476,56,662.0715210437775,enhanced_publishable,purged_temporal,train,standard,standard,"RF,BF,VM,ST",extended,1,"42,3407,2026,2027,7"
8Amar,unhealthy,transformer_4ch_extended,test,candidate,True,-2.616483688354492,6.727817058563232,9.541778652638984,6687,955,1912,10187,10187,0,9938,56,433.7257287502289,enhanced_publishable,purged_temporal,train,standard,standard,"RF,BF,VM,ST",extended,1,"42,3407,2026,2027,7"
9Amar,unhealthy,transformer_4ch_extended,test,candidate,True,-0.6233643889427185,4.457556247711182,6.433445811235494,22012,3144,6291,32080,32080,0,31831,56,1364.224633693695,enhanced_publishable,purged_temporal,train,standard,standard,"RF,BF,VM,ST",extended,1,"42,3407,2026,2027,7"
10Amar,unhealthy,transformer_4ch_extended,test,candidate,True,-0.6476031541824341,6.384506702423096,8.721443006477447,15584,2226,4453,22896,22896,0,22647,56,1979.7520277500153,enhanced_publishable,purged_temporal,train,standard,standard,"RF,BF,VM,ST",extended,1,"42,3407,2026,2027,7"
11Amar,unhealthy,transformer_4ch_extended,test,candidate,True,-0.3268641531467438,4.530115604400635,6.287560780043732,18865,2695,5390,27583,27583,0,27334,56,897.0040504932404,enhanced_publishable,purged_temporal,train,standard,standard,"RF,BF,VM,ST",extended,1,"42,3407,2026,2027,7"
