condition,subject,status,n_test,ME,MAE,RMSE,protocol
clean,1Nmar,healthy,1011,6.417690277099609,10.367950439453125,12.495608969965147,checkpoint_reuse_purged_temporal_test_only_perturbation
gaussian_noise_std_0.05,1Nmar,healthy,1011,6.4108076095581055,10.382186889648438,12.510442415582023,checkpoint_reuse_purged_temporal_test_only_perturbation
gaussian_noise_std_0.10,1Nmar,healthy,1011,6.441985130310059,10.369340896606445,12.50961361270834,checkpoint_reuse_purged_temporal_test_only_perturbation
channel_dropout_RF,1Nmar,healthy,1011,11.105949401855469,16.448190689086914,20.383670389669458,checkpoint_reuse_purged_temporal_test_only_perturbation
channel_dropout_BF,1Nmar,healthy,1011,1.3316627740859985,6.373439788818359,9.449535653145006,checkpoint_reuse_purged_temporal_test_only_perturbation
channel_dropout_VM,1Nmar,healthy,1011,4.836136817932129,10.010658264160156,12.24461152812164,checkpoint_reuse_purged_temporal_test_only_perturbation
channel_dropout_ST,1Nmar,healthy,1011,5.303115367889404,15.093170166015625,18.463578121290997,checkpoint_reuse_purged_temporal_test_only_perturbation
amplitude_scale_0.8,1Nmar,healthy,1011,5.994859218597412,11.19183349609375,13.745886169930248,checkpoint_reuse_purged_temporal_test_only_perturbation
amplitude_scale_1.2,1Nmar,healthy,1011,6.695696830749512,10.435173988342285,12.13997331242401,checkpoint_reuse_purged_temporal_test_only_perturbation
feature_smoothing_5,1Nmar,healthy,1011,6.423589706420898,10.362626075744629,12.492868449037672,checkpoint_reuse_purged_temporal_test_only_perturbation
clean,2Nmar,healthy,1351,-3.306915283203125,7.9615373611450195,11.795107354115824,checkpoint_reuse_purged_temporal_test_only_perturbation
gaussian_noise_std_0.05,2Nmar,healthy,1351,-3.3111891746520996,7.956358432769775,11.789052792615287,checkpoint_reuse_purged_temporal_test_only_perturbation
gaussian_noise_std_0.10,2Nmar,healthy,1351,-3.2814362049102783,7.945730209350586,11.763842281733131,checkpoint_reuse_purged_temporal_test_only_perturbation
channel_dropout_RF,2Nmar,healthy,1351,-4.951243877410889,13.13332462310791,19.187590657868075,checkpoint_reuse_purged_temporal_test_only_perturbation
channel_dropout_BF,2Nmar,healthy,1351,-1.8615057468414307,7.687798023223877,10.274924143861568,checkpoint_reuse_purged_temporal_test_only_perturbation
channel_dropout_VM,2Nmar,healthy,1351,0.045190051198005676,9.156587600708008,13.502428754686715,checkpoint_reuse_purged_temporal_test_only_perturbation
channel_dropout_ST,2Nmar,healthy,1351,-2.91111159324646,7.1967244148254395,9.821319309964483,checkpoint_reuse_purged_temporal_test_only_perturbation
amplitude_scale_0.8,2Nmar,healthy,1351,1.3830478191375732,9.327611923217773,11.488401451895815,checkpoint_reuse_purged_temporal_test_only_perturbation
amplitude_scale_1.2,2Nmar,healthy,1351,-6.647893905639648,8.85854434967041,14.990955423415679,checkpoint_reuse_purged_temporal_test_only_perturbation
feature_smoothing_5,2Nmar,healthy,1351,-3.3023931980133057,7.9585089683532715,11.786219188889824,checkpoint_reuse_purged_temporal_test_only_perturbation
clean,3Nmar,healthy,1259,-7.073495864868164,11.123970031738281,15.429504053498093,checkpoint_reuse_purged_temporal_test_only_perturbation
gaussian_noise_std_0.05,3Nmar,healthy,1259,-7.051398754119873,11.096871376037598,15.390885744935925,checkpoint_reuse_purged_temporal_test_only_perturbation
gaussian_noise_std_0.10,3Nmar,healthy,1259,-7.0963592529296875,11.115195274353027,15.442705643531946,checkpoint_reuse_purged_temporal_test_only_perturbation
channel_dropout_RF,3Nmar,healthy,1259,-10.502680778503418,15.216903686523438,18.58673383907693,checkpoint_reuse_purged_temporal_test_only_perturbation
channel_dropout_BF,3Nmar,healthy,1259,-7.42931604385376,10.731904029846191,15.212608147693592,checkpoint_reuse_purged_temporal_test_only_perturbation
channel_dropout_VM,3Nmar,healthy,1259,-6.136408805847168,8.744200706481934,12.528415578173245,checkpoint_reuse_purged_temporal_test_only_perturbation
channel_dropout_ST,3Nmar,healthy,1259,-6.337499618530273,12.041254043579102,16.666296586060483,checkpoint_reuse_purged_temporal_test_only_perturbation
amplitude_scale_0.8,3Nmar,healthy,1259,-5.299264907836914,9.408832550048828,12.172284923697434,checkpoint_reuse_purged_temporal_test_only_perturbation
amplitude_scale_1.2,3Nmar,healthy,1259,-7.582003116607666,11.86976432800293,16.96372346562981,checkpoint_reuse_purged_temporal_test_only_perturbation
feature_smoothing_5,3Nmar,healthy,1259,-7.079629898071289,11.156482696533203,15.478201026968541,checkpoint_reuse_purged_temporal_test_only_perturbation
clean,4Nmar,healthy,1379,-2.210958242416382,6.534016132354736,9.154520021082822,checkpoint_reuse_purged_temporal_test_only_perturbation
gaussian_noise_std_0.05,4Nmar,healthy,1379,-2.2177743911743164,6.526608467102051,9.139180074096243,checkpoint_reuse_purged_temporal_test_only_perturbation
gaussian_noise_std_0.10,4Nmar,healthy,1379,-2.2109732627868652,6.554115295410156,9.161141504849436,checkpoint_reuse_purged_temporal_test_only_perturbation
channel_dropout_RF,4Nmar,healthy,1379,-2.529115676879883,6.629083156585693,9.334792522623612,checkpoint_reuse_purged_temporal_test_only_perturbation
channel_dropout_BF,4Nmar,healthy,1379,-0.5569942593574524,6.961846828460693,10.12340354107111,checkpoint_reuse_purged_temporal_test_only_perturbation
channel_dropout_VM,4Nmar,healthy,1379,1.0968180894851685,9.483977317810059,14.138193096301956,checkpoint_reuse_purged_temporal_test_only_perturbation
channel_dropout_ST,4Nmar,healthy,1379,-3.139483690261841,9.2012939453125,11.788832109246446,checkpoint_reuse_purged_temporal_test_only_perturbation
amplitude_scale_0.8,4Nmar,healthy,1379,-1.663274884223938,6.600216865539551,9.020501416261807,checkpoint_reuse_purged_temporal_test_only_perturbation
amplitude_scale_1.2,4Nmar,healthy,1379,-2.2026283740997314,6.888575077056885,9.927976639467309,checkpoint_reuse_purged_temporal_test_only_perturbation
feature_smoothing_5,4Nmar,healthy,1379,-2.192244052886963,6.526089668273926,9.145108158729633,checkpoint_reuse_purged_temporal_test_only_perturbation
clean,5Nmar,healthy,1186,-2.8440868854522705,6.1714558601379395,8.813327615171454,checkpoint_reuse_purged_temporal_test_only_perturbation
gaussian_noise_std_0.05,5Nmar,healthy,1186,-2.8570525646209717,6.170167446136475,8.818671047579116,checkpoint_reuse_purged_temporal_test_only_perturbation
gaussian_noise_std_0.10,5Nmar,healthy,1186,-2.8528149127960205,6.176361560821533,8.823674901622978,checkpoint_reuse_purged_temporal_test_only_perturbation
channel_dropout_RF,5Nmar,healthy,1186,-1.7979549169540405,6.186974048614502,8.118720812080664,checkpoint_reuse_purged_temporal_test_only_perturbation
channel_dropout_BF,5Nmar,healthy,1186,-2.3305182456970215,5.101436614990234,7.695609180908501,checkpoint_reuse_purged_temporal_test_only_perturbation
channel_dropout_VM,5Nmar,healthy,1186,-5.366363048553467,8.233419418334961,13.837883871072805,checkpoint_reuse_purged_temporal_test_only_perturbation
channel_dropout_ST,5Nmar,healthy,1186,-4.494295120239258,9.330707550048828,14.266687627283783,checkpoint_reuse_purged_temporal_test_only_perturbation
amplitude_scale_0.8,5Nmar,healthy,1186,-2.77704119682312,6.799619197845459,9.412458126385319,checkpoint_reuse_purged_temporal_test_only_perturbation
amplitude_scale_1.2,5Nmar,healthy,1186,-5.1434502601623535,7.9702372550964355,12.214467734858463,checkpoint_reuse_purged_temporal_test_only_perturbation
feature_smoothing_5,5Nmar,healthy,1186,-2.844653606414795,6.171854496002197,8.814043058750276,checkpoint_reuse_purged_temporal_test_only_perturbation
clean,6Nmar,healthy,1335,-2.0901875495910645,6.516119480133057,8.88999553255499,checkpoint_reuse_purged_temporal_test_only_perturbation
gaussian_noise_std_0.05,6Nmar,healthy,1335,-2.0928962230682373,6.511750221252441,8.889235993072033,checkpoint_reuse_purged_temporal_test_only_perturbation
gaussian_noise_std_0.10,6Nmar,healthy,1335,-2.107144594192505,6.543920993804932,8.925878692028292,checkpoint_reuse_purged_temporal_test_only_perturbation
channel_dropout_RF,6Nmar,healthy,1335,-2.0530056953430176,3.9899168014526367,5.974015554626873,checkpoint_reuse_purged_temporal_test_only_perturbation
channel_dropout_BF,6Nmar,healthy,1335,-3.9951629638671875,9.252711296081543,13.148286633864124,checkpoint_reuse_purged_temporal_test_only_perturbation
channel_dropout_VM,6Nmar,healthy,1335,-1.1484200954437256,8.655409812927246,11.515120144547314,checkpoint_reuse_purged_temporal_test_only_perturbation
channel_dropout_ST,6Nmar,healthy,1335,2.831911087036133,7.9873857498168945,10.590104187478996,checkpoint_reuse_purged_temporal_test_only_perturbation
amplitude_scale_0.8,6Nmar,healthy,1335,-3.0486793518066406,7.7185378074646,10.16951920144577,checkpoint_reuse_purged_temporal_test_only_perturbation
amplitude_scale_1.2,6Nmar,healthy,1335,-0.5057095289230347,5.794338703155518,7.808960379790307,checkpoint_reuse_purged_temporal_test_only_perturbation
feature_smoothing_5,6Nmar,healthy,1335,-2.0832769870758057,6.517186164855957,8.886793011365544,checkpoint_reuse_purged_temporal_test_only_perturbation
clean,7Nmar,healthy,1504,3.309661865234375,5.616090774536133,6.994194893412054,checkpoint_reuse_purged_temporal_test_only_perturbation
gaussian_noise_std_0.05,7Nmar,healthy,1504,3.3095974922180176,5.62162446975708,6.997880614826552,checkpoint_reuse_purged_temporal_test_only_perturbation
gaussian_noise_std_0.10,7Nmar,healthy,1504,3.3150546550750732,5.632351398468018,7.01062649265956,checkpoint_reuse_purged_temporal_test_only_perturbation
channel_dropout_RF,7Nmar,healthy,1504,5.27176570892334,8.162785530090332,10.719041825929015,checkpoint_reuse_purged_temporal_test_only_perturbation
channel_dropout_BF,7Nmar,healthy,1504,2.6857714653015137,6.432361125946045,8.698639897108645,checkpoint_reuse_purged_temporal_test_only_perturbation
channel_dropout_VM,7Nmar,healthy,1504,1.6662400960922241,5.4510321617126465,8.950003887154358,checkpoint_reuse_purged_temporal_test_only_perturbation
channel_dropout_ST,7Nmar,healthy,1504,0.249627947807312,8.423739433288574,10.76946147000879,checkpoint_reuse_purged_temporal_test_only_perturbation
amplitude_scale_0.8,7Nmar,healthy,1504,5.708716869354248,6.418824672698975,8.06953064490752,checkpoint_reuse_purged_temporal_test_only_perturbation
amplitude_scale_1.2,7Nmar,healthy,1504,1.2766777276992798,6.3061699867248535,8.191800218530265,checkpoint_reuse_purged_temporal_test_only_perturbation
feature_smoothing_5,7Nmar,healthy,1504,3.311569929122925,5.617170810699463,6.992605936327437,checkpoint_reuse_purged_temporal_test_only_perturbation
clean,8Nmar,healthy,1720,0.6627469062805176,3.8002209663391113,5.835269098164886,checkpoint_reuse_purged_temporal_test_only_perturbation
gaussian_noise_std_0.05,8Nmar,healthy,1720,0.6748587489128113,3.8144876956939697,5.857713957268294,checkpoint_reuse_purged_temporal_test_only_perturbation
gaussian_noise_std_0.10,8Nmar,healthy,1720,0.6692959070205688,3.803797721862793,5.837969363700354,checkpoint_reuse_purged_temporal_test_only_perturbation
channel_dropout_RF,8Nmar,healthy,1720,3.103203535079956,6.017985820770264,8.172977526306298,checkpoint_reuse_purged_temporal_test_only_perturbation
channel_dropout_BF,8Nmar,healthy,1720,-0.5850952863693237,5.538579940795898,8.699648041018536,checkpoint_reuse_purged_temporal_test_only_perturbation
channel_dropout_VM,8Nmar,healthy,1720,-0.23024910688400269,4.419338703155518,6.936381206856077,checkpoint_reuse_purged_temporal_test_only_perturbation
channel_dropout_ST,8Nmar,healthy,1720,-0.3402550220489502,4.266830921173096,6.685683529588617,checkpoint_reuse_purged_temporal_test_only_perturbation
amplitude_scale_0.8,8Nmar,healthy,1720,-0.16796715557575226,3.8747005462646484,5.7848783087563,checkpoint_reuse_purged_temporal_test_only_perturbation
amplitude_scale_1.2,8Nmar,healthy,1720,1.7968287467956543,4.364063262939453,6.850095550538961,checkpoint_reuse_purged_temporal_test_only_perturbation
feature_smoothing_5,8Nmar,healthy,1720,0.6706740260124207,3.8003218173980713,5.834389763493138,checkpoint_reuse_purged_temporal_test_only_perturbation
clean,9Nmar,healthy,942,-3.515392303466797,5.602348804473877,9.21103730928218,checkpoint_reuse_purged_temporal_test_only_perturbation
gaussian_noise_std_0.05,9Nmar,healthy,942,-3.5099148750305176,5.599031448364258,9.208822614234117,checkpoint_reuse_purged_temporal_test_only_perturbation
gaussian_noise_std_0.10,9Nmar,healthy,942,-3.535475492477417,5.625375270843506,9.245750482115504,checkpoint_reuse_purged_temporal_test_only_perturbation
channel_dropout_RF,9Nmar,healthy,942,-4.165665149688721,10.512466430664062,15.049893117125917,checkpoint_reuse_purged_temporal_test_only_perturbation
channel_dropout_BF,9Nmar,healthy,942,-3.4590280055999756,7.580111503601074,11.506753016826005,checkpoint_reuse_purged_temporal_test_only_perturbation
channel_dropout_VM,9Nmar,healthy,942,-0.6742886900901794,6.5995659828186035,8.247457401458172,checkpoint_reuse_purged_temporal_test_only_perturbation
channel_dropout_ST,9Nmar,healthy,942,-4.813737869262695,5.86964225769043,10.150444554708091,checkpoint_reuse_purged_temporal_test_only_perturbation
amplitude_scale_0.8,9Nmar,healthy,942,-3.009673595428467,5.660156726837158,9.043728875990361,checkpoint_reuse_purged_temporal_test_only_perturbation
amplitude_scale_1.2,9Nmar,healthy,942,-3.9398231506347656,5.776616096496582,9.5060682491306,checkpoint_reuse_purged_temporal_test_only_perturbation
feature_smoothing_5,9Nmar,healthy,942,-3.519415855407715,5.599318981170654,9.209127078361453,checkpoint_reuse_purged_temporal_test_only_perturbation
clean,10Nmar,healthy,1043,4.425111770629883,13.154154777526855,15.299955500120387,checkpoint_reuse_purged_temporal_test_only_perturbation
gaussian_noise_std_0.05,10Nmar,healthy,1043,4.361477375030518,13.168120384216309,15.291821776113594,checkpoint_reuse_purged_temporal_test_only_perturbation
gaussian_noise_std_0.10,10Nmar,healthy,1043,4.474583148956299,13.112668991088867,15.265155203236757,checkpoint_reuse_purged_temporal_test_only_perturbation
channel_dropout_RF,10Nmar,healthy,1043,5.739651203155518,20.568933486938477,24.219563998417428,checkpoint_reuse_purged_temporal_test_only_perturbation
channel_dropout_BF,10Nmar,healthy,1043,4.6850738525390625,13.487546920776367,15.80640447683633,checkpoint_reuse_purged_temporal_test_only_perturbation
channel_dropout_VM,10Nmar,healthy,1043,4.025287628173828,7.448892116546631,8.92014446945547,checkpoint_reuse_purged_temporal_test_only_perturbation
channel_dropout_ST,10Nmar,healthy,1043,-0.47164198756217957,12.93850040435791,15.841119611840591,checkpoint_reuse_purged_temporal_test_only_perturbation
amplitude_scale_0.8,10Nmar,healthy,1043,5.73444128036499,13.872923851013184,15.744928421434432,checkpoint_reuse_purged_temporal_test_only_perturbation
amplitude_scale_1.2,10Nmar,healthy,1043,3.575944662094116,13.134584426879883,15.626410092622441,checkpoint_reuse_purged_temporal_test_only_perturbation
feature_smoothing_5,10Nmar,healthy,1043,4.417966365814209,13.14316463470459,15.28202783520104,checkpoint_reuse_purged_temporal_test_only_perturbation
clean,11Nmar,healthy,1053,0.09686343371868134,4.486200332641602,6.151710036807093,checkpoint_reuse_purged_temporal_test_only_perturbation
gaussian_noise_std_0.05,11Nmar,healthy,1053,0.09751482307910919,4.484109878540039,6.153198105361806,checkpoint_reuse_purged_temporal_test_only_perturbation
gaussian_noise_std_0.10,11Nmar,healthy,1053,0.10949637740850449,4.505298137664795,6.160282266763526,checkpoint_reuse_purged_temporal_test_only_perturbation
channel_dropout_RF,11Nmar,healthy,1053,1.8969132900238037,4.356266498565674,5.498274966127959,checkpoint_reuse_purged_temporal_test_only_perturbation
channel_dropout_BF,11Nmar,healthy,1053,2.486046552658081,7.412021160125732,9.263349231085417,checkpoint_reuse_purged_temporal_test_only_perturbation
channel_dropout_VM,11Nmar,healthy,1053,2.6709372997283936,3.2148327827453613,3.862993281695088,checkpoint_reuse_purged_temporal_test_only_perturbation
channel_dropout_ST,11Nmar,healthy,1053,-0.23937645554542542,4.501784801483154,6.520029459225619,checkpoint_reuse_purged_temporal_test_only_perturbation
amplitude_scale_0.8,11Nmar,healthy,1053,-0.3933534324169159,3.594911575317383,5.321198825137575,checkpoint_reuse_purged_temporal_test_only_perturbation
amplitude_scale_1.2,11Nmar,healthy,1053,0.3227670192718506,5.009515285491943,6.71039775414236,checkpoint_reuse_purged_temporal_test_only_perturbation
feature_smoothing_5,11Nmar,healthy,1053,0.08996523916721344,4.481307029724121,6.146241082927262,checkpoint_reuse_purged_temporal_test_only_perturbation
clean,1Amar,unhealthy,2468,-1.2259691953659058,4.405183792114258,6.5951889420543885,checkpoint_reuse_purged_temporal_test_only_perturbation
gaussian_noise_std_0.05,1Amar,unhealthy,2468,-1.1891900300979614,4.406945705413818,6.609568058738461,checkpoint_reuse_purged_temporal_test_only_perturbation
gaussian_noise_std_0.10,1Amar,unhealthy,2468,-1.266647458076477,4.403777599334717,6.560805038274201,checkpoint_reuse_purged_temporal_test_only_perturbation
channel_dropout_RF,1Amar,unhealthy,2468,-2.4371094703674316,6.657322883605957,8.61013485970145,checkpoint_reuse_purged_temporal_test_only_perturbation
channel_dropout_BF,1Amar,unhealthy,2468,-1.337532877922058,5.096933841705322,7.6036325206144015,checkpoint_reuse_purged_temporal_test_only_perturbation
channel_dropout_VM,1Amar,unhealthy,2468,-0.9616497159004211,7.0435566902160645,9.615023508186981,checkpoint_reuse_purged_temporal_test_only_perturbation
channel_dropout_ST,1Amar,unhealthy,2468,1.6411103010177612,7.153388500213623,10.320135076067622,checkpoint_reuse_purged_temporal_test_only_perturbation
amplitude_scale_0.8,1Amar,unhealthy,2468,-3.0085959434509277,5.583972930908203,7.828928040147802,checkpoint_reuse_purged_temporal_test_only_perturbation
amplitude_scale_1.2,1Amar,unhealthy,2468,0.10338722169399261,3.990983009338379,6.000007947280706,checkpoint_reuse_purged_temporal_test_only_perturbation
feature_smoothing_5,1Amar,unhealthy,2468,-1.2427161931991577,4.404521942138672,6.6049293374520195,checkpoint_reuse_purged_temporal_test_only_perturbation
clean,2Amar,unhealthy,2089,-2.9295401573181152,4.428581237792969,7.222976570185401,checkpoint_reuse_purged_temporal_test_only_perturbation
gaussian_noise_std_0.05,2Amar,unhealthy,2089,-2.9317121505737305,4.42932653427124,7.226693147045386,checkpoint_reuse_purged_temporal_test_only_perturbation
gaussian_noise_std_0.10,2Amar,unhealthy,2089,-2.936232089996338,4.438869476318359,7.241573566969411,checkpoint_reuse_purged_temporal_test_only_perturbation
channel_dropout_RF,2Amar,unhealthy,2089,-2.6307244300842285,3.7261979579925537,6.848649452893124,checkpoint_reuse_purged_temporal_test_only_perturbation
channel_dropout_BF,2Amar,unhealthy,2089,-5.762999057769775,8.175074577331543,13.069764376021725,checkpoint_reuse_purged_temporal_test_only_perturbation
channel_dropout_VM,2Amar,unhealthy,2089,-3.4238109588623047,6.277341842651367,10.225547466218458,checkpoint_reuse_purged_temporal_test_only_perturbation
channel_dropout_ST,2Amar,unhealthy,2089,-1.258269190788269,6.280976295471191,8.897165048398142,checkpoint_reuse_purged_temporal_test_only_perturbation
amplitude_scale_0.8,2Amar,unhealthy,2089,-1.359281301498413,3.5469882488250732,4.966599100835296,checkpoint_reuse_purged_temporal_test_only_perturbation
amplitude_scale_1.2,2Amar,unhealthy,2089,-4.2440505027771,5.5724663734436035,9.528784260974088,checkpoint_reuse_purged_temporal_test_only_perturbation
feature_smoothing_5,2Amar,unhealthy,2089,-2.9259865283966064,4.4252214431762695,7.214707072253712,checkpoint_reuse_purged_temporal_test_only_perturbation
clean,3Amar,unhealthy,8607,-1.9310215711593628,3.5987372398376465,7.33166496487848,checkpoint_reuse_purged_temporal_test_only_perturbation
gaussian_noise_std_0.05,3Amar,unhealthy,8607,-1.9341723918914795,3.595737934112549,7.323141847913244,checkpoint_reuse_purged_temporal_test_only_perturbation
gaussian_noise_std_0.10,3Amar,unhealthy,8607,-1.9407356977462769,3.612361192703247,7.3402335330909265,checkpoint_reuse_purged_temporal_test_only_perturbation
channel_dropout_RF,3Amar,unhealthy,8607,-2.2154979705810547,3.4441134929656982,6.87863562429046,checkpoint_reuse_purged_temporal_test_only_perturbation
channel_dropout_BF,3Amar,unhealthy,8607,-2.6341142654418945,5.07037353515625,9.227600194345206,checkpoint_reuse_purged_temporal_test_only_perturbation
channel_dropout_VM,3Amar,unhealthy,8607,-1.581233263015747,4.707712650299072,8.145010383838196,checkpoint_reuse_purged_temporal_test_only_perturbation
channel_dropout_ST,3Amar,unhealthy,8607,-3.7124903202056885,5.2801361083984375,9.820493515883395,checkpoint_reuse_purged_temporal_test_only_perturbation
amplitude_scale_0.8,3Amar,unhealthy,8607,-2.16894793510437,4.230475425720215,8.451395531258802,checkpoint_reuse_purged_temporal_test_only_perturbation
amplitude_scale_1.2,3Amar,unhealthy,8607,-1.7912359237670898,3.1125295162200928,6.111323131389779,checkpoint_reuse_purged_temporal_test_only_perturbation
feature_smoothing_5,3Amar,unhealthy,8607,-1.9235056638717651,3.598020315170288,7.33063156758594,checkpoint_reuse_purged_temporal_test_only_perturbation
clean,4Amar,unhealthy,11183,-1.5681129693984985,6.036733150482178,10.772833416485003,checkpoint_reuse_purged_temporal_test_only_perturbation
gaussian_noise_std_0.05,4Amar,unhealthy,11183,-1.5641229152679443,6.054099082946777,10.803020224533494,checkpoint_reuse_purged_temporal_test_only_perturbation
gaussian_noise_std_0.10,4Amar,unhealthy,11183,-1.582291841506958,6.03306770324707,10.754941292588782,checkpoint_reuse_purged_temporal_test_only_perturbation
channel_dropout_RF,4Amar,unhealthy,11183,-0.9701371788978577,5.606746196746826,10.055858244534859,checkpoint_reuse_purged_temporal_test_only_perturbation
channel_dropout_BF,4Amar,unhealthy,11183,-2.1875998973846436,8.490177154541016,13.953754338235855,checkpoint_reuse_purged_temporal_test_only_perturbation
channel_dropout_VM,4Amar,unhealthy,11183,-3.1281816959381104,7.175641059875488,12.84239141328102,checkpoint_reuse_purged_temporal_test_only_perturbation
channel_dropout_ST,4Amar,unhealthy,11183,-2.053558111190796,10.1905517578125,14.328599961457112,checkpoint_reuse_purged_temporal_test_only_perturbation
amplitude_scale_0.8,4Amar,unhealthy,11183,-1.1866974830627441,6.100611686706543,10.008680009727026,checkpoint_reuse_purged_temporal_test_only_perturbation
amplitude_scale_1.2,4Amar,unhealthy,11183,-1.7512117624282837,6.552420616149902,11.932759407208062,checkpoint_reuse_purged_temporal_test_only_perturbation
feature_smoothing_5,4Amar,unhealthy,11183,-1.5659538507461548,6.03460693359375,10.77117218920902,checkpoint_reuse_purged_temporal_test_only_perturbation
clean,5Amar,unhealthy,9083,-1.6282461881637573,5.660972595214844,9.127168580607467,checkpoint_reuse_purged_temporal_test_only_perturbation
gaussian_noise_std_0.05,5Amar,unhealthy,9083,-1.6324620246887207,5.664493560791016,9.134966280603006,checkpoint_reuse_purged_temporal_test_only_perturbation
gaussian_noise_std_0.10,5Amar,unhealthy,9083,-1.6150788068771362,5.670382022857666,9.13696132173187,checkpoint_reuse_purged_temporal_test_only_perturbation
channel_dropout_RF,5Amar,unhealthy,9083,-0.6953067779541016,4.83781099319458,6.943699996040278,checkpoint_reuse_purged_temporal_test_only_perturbation
channel_dropout_BF,5Amar,unhealthy,9083,-3.2686445713043213,7.263911724090576,11.914534442496917,checkpoint_reuse_purged_temporal_test_only_perturbation
channel_dropout_VM,5Amar,unhealthy,9083,-3.211463451385498,6.88738489151001,12.0615164400256,checkpoint_reuse_purged_temporal_test_only_perturbation
channel_dropout_ST,5Amar,unhealthy,9083,-0.944473147392273,7.373211860656738,11.089846501848902,checkpoint_reuse_purged_temporal_test_only_perturbation
amplitude_scale_0.8,5Amar,unhealthy,9083,0.3952980041503906,6.515981197357178,8.755426086828331,checkpoint_reuse_purged_temporal_test_only_perturbation
amplitude_scale_1.2,5Amar,unhealthy,9083,-2.9412686824798584,6.36529016494751,11.135528725660043,checkpoint_reuse_purged_temporal_test_only_perturbation
feature_smoothing_5,5Amar,unhealthy,9083,-1.6143245697021484,5.657278060913086,9.111154582015542,checkpoint_reuse_purged_temporal_test_only_perturbation
clean,6Amar,unhealthy,10149,-3.259420871734619,4.1052327156066895,6.626525415390071,checkpoint_reuse_purged_temporal_test_only_perturbation
gaussian_noise_std_0.05,6Amar,unhealthy,10149,-3.264631509780884,4.107713222503662,6.634928048037652,checkpoint_reuse_purged_temporal_test_only_perturbation
gaussian_noise_std_0.10,6Amar,unhealthy,10149,-3.251497983932495,4.107489109039307,6.627680110433833,checkpoint_reuse_purged_temporal_test_only_perturbation
channel_dropout_RF,6Amar,unhealthy,10149,-5.994635581970215,6.2556047439575195,8.828700116084253,checkpoint_reuse_purged_temporal_test_only_perturbation
channel_dropout_BF,6Amar,unhealthy,10149,-3.2142343521118164,4.494039058685303,6.86090501826674,checkpoint_reuse_purged_temporal_test_only_perturbation
channel_dropout_VM,6Amar,unhealthy,10149,-6.176621437072754,9.333600997924805,14.790954630015856,checkpoint_reuse_purged_temporal_test_only_perturbation
channel_dropout_ST,6Amar,unhealthy,10149,-3.3524396419525146,5.40593147277832,8.883817778565357,checkpoint_reuse_purged_temporal_test_only_perturbation
amplitude_scale_0.8,6Amar,unhealthy,10149,-4.371667385101318,5.01734733581543,7.805559172653983,checkpoint_reuse_purged_temporal_test_only_perturbation
amplitude_scale_1.2,6Amar,unhealthy,10149,-2.7329084873199463,3.964245319366455,6.182523325109849,checkpoint_reuse_purged_temporal_test_only_perturbation
feature_smoothing_5,6Amar,unhealthy,10149,-3.2614481449127197,4.106058597564697,6.626831377363084,checkpoint_reuse_purged_temporal_test_only_perturbation
clean,7Amar,unhealthy,3019,0.08584850281476974,6.855684757232666,10.015318391245849,checkpoint_reuse_purged_temporal_test_only_perturbation
gaussian_noise_std_0.05,7Amar,unhealthy,3019,0.08658310770988464,6.867356300354004,10.030835484767007,checkpoint_reuse_purged_temporal_test_only_perturbation
gaussian_noise_std_0.10,7Amar,unhealthy,3019,0.11370653659105301,6.836176872253418,9.943241787816314,checkpoint_reuse_purged_temporal_test_only_perturbation
channel_dropout_RF,7Amar,unhealthy,3019,-0.15062683820724487,7.413078308105469,10.53196935715439,checkpoint_reuse_purged_temporal_test_only_perturbation
channel_dropout_BF,7Amar,unhealthy,3019,2.129023551940918,8.310815811157227,11.485500316890722,checkpoint_reuse_purged_temporal_test_only_perturbation
channel_dropout_VM,7Amar,unhealthy,3019,-0.45463237166404724,7.536017894744873,9.36153818647325,checkpoint_reuse_purged_temporal_test_only_perturbation
channel_dropout_ST,7Amar,unhealthy,3019,-6.05794620513916,11.646771430969238,17.66419293820703,checkpoint_reuse_purged_temporal_test_only_perturbation
amplitude_scale_0.8,7Amar,unhealthy,3019,0.40224120020866394,7.564393520355225,10.443054548630112,checkpoint_reuse_purged_temporal_test_only_perturbation
amplitude_scale_1.2,7Amar,unhealthy,3019,-1.1108229160308838,7.194158554077148,10.24140793359987,checkpoint_reuse_purged_temporal_test_only_perturbation
feature_smoothing_5,7Amar,unhealthy,3019,0.10005083680152893,6.846685409545898,10.00560183978303,checkpoint_reuse_purged_temporal_test_only_perturbation
clean,8Amar,unhealthy,1912,-2.616483688354492,6.727817058563232,9.541778652638984,checkpoint_reuse_purged_temporal_test_only_perturbation
gaussian_noise_std_0.05,8Amar,unhealthy,1912,-2.6215813159942627,6.732442378997803,9.55706073922022,checkpoint_reuse_purged_temporal_test_only_perturbation
gaussian_noise_std_0.10,8Amar,unhealthy,1912,-2.598371744155884,6.696008205413818,9.487492006723206,checkpoint_reuse_purged_temporal_test_only_perturbation
channel_dropout_RF,8Amar,unhealthy,1912,-5.216109275817871,7.334449768066406,10.371546894525983,checkpoint_reuse_purged_temporal_test_only_perturbation
channel_dropout_BF,8Amar,unhealthy,1912,7.54556941986084,10.752702713012695,14.991437884301398,checkpoint_reuse_purged_temporal_test_only_perturbation
channel_dropout_VM,8Amar,unhealthy,1912,-1.2241688966751099,7.186221122741699,9.28704344909566,checkpoint_reuse_purged_temporal_test_only_perturbation
channel_dropout_ST,8Amar,unhealthy,1912,-4.078007221221924,8.360295295715332,11.31100470845311,checkpoint_reuse_purged_temporal_test_only_perturbation
amplitude_scale_0.8,8Amar,unhealthy,1912,-6.957862377166748,8.954751014709473,13.238841990742973,checkpoint_reuse_purged_temporal_test_only_perturbation
amplitude_scale_1.2,8Amar,unhealthy,1912,2.1865413188934326,6.2316060066223145,8.05832534468793,checkpoint_reuse_purged_temporal_test_only_perturbation
feature_smoothing_5,8Amar,unhealthy,1912,-2.6266512870788574,6.731909275054932,9.544824957623879,checkpoint_reuse_purged_temporal_test_only_perturbation
clean,9Amar,unhealthy,6291,-0.6233646273612976,4.457556247711182,6.433445811235494,checkpoint_reuse_purged_temporal_test_only_perturbation
gaussian_noise_std_0.05,9Amar,unhealthy,6291,-0.6077847480773926,4.459646701812744,6.44003275703013,checkpoint_reuse_purged_temporal_test_only_perturbation
gaussian_noise_std_0.10,9Amar,unhealthy,6291,-0.6417044401168823,4.433764457702637,6.403800980057664,checkpoint_reuse_purged_temporal_test_only_perturbation
channel_dropout_RF,9Amar,unhealthy,6291,-1.8731476068496704,7.432891368865967,10.213739782600674,checkpoint_reuse_purged_temporal_test_only_perturbation
channel_dropout_BF,9Amar,unhealthy,6291,5.489368438720703,9.172395706176758,14.310946051183437,checkpoint_reuse_purged_temporal_test_only_perturbation
channel_dropout_VM,9Amar,unhealthy,6291,-2.3517725467681885,8.158956527709961,11.907109907841695,checkpoint_reuse_purged_temporal_test_only_perturbation
channel_dropout_ST,9Amar,unhealthy,6291,-1.6599193811416626,5.059176921844482,6.911814109616134,checkpoint_reuse_purged_temporal_test_only_perturbation
amplitude_scale_0.8,9Amar,unhealthy,6291,-4.5481157302856445,8.475615501403809,11.292160042169467,checkpoint_reuse_purged_temporal_test_only_perturbation
amplitude_scale_1.2,9Amar,unhealthy,6291,2.385561227798462,5.5105390548706055,8.535840486732482,checkpoint_reuse_purged_temporal_test_only_perturbation
feature_smoothing_5,9Amar,unhealthy,6291,-0.6186708807945251,4.45276403427124,6.427510037675852,checkpoint_reuse_purged_temporal_test_only_perturbation
clean,10Amar,unhealthy,4453,-0.6476035118103027,6.384507179260254,8.721443006477447,checkpoint_reuse_purged_temporal_test_only_perturbation
gaussian_noise_std_0.05,10Amar,unhealthy,4453,-0.6425292491912842,6.3740234375,8.701076958306656,checkpoint_reuse_purged_temporal_test_only_perturbation
gaussian_noise_std_0.10,10Amar,unhealthy,4453,-0.6197254061698914,6.379910469055176,8.709140965246748,checkpoint_reuse_purged_temporal_test_only_perturbation
channel_dropout_RF,10Amar,unhealthy,4453,-5.206774711608887,9.80163288116455,13.430303873471704,checkpoint_reuse_purged_temporal_test_only_perturbation
channel_dropout_BF,10Amar,unhealthy,4453,-1.1511149406433105,8.524991989135742,11.280599390432313,checkpoint_reuse_purged_temporal_test_only_perturbation
channel_dropout_VM,10Amar,unhealthy,4453,3.032316207885742,7.559062957763672,10.852023703302129,checkpoint_reuse_purged_temporal_test_only_perturbation
channel_dropout_ST,10Amar,unhealthy,4453,-7.950605869293213,11.027312278747559,16.100712427524073,checkpoint_reuse_purged_temporal_test_only_perturbation
amplitude_scale_0.8,10Amar,unhealthy,4453,-1.3192188739776611,6.692141532897949,9.164536615905757,checkpoint_reuse_purged_temporal_test_only_perturbation
amplitude_scale_1.2,10Amar,unhealthy,4453,-0.27989766001701355,6.161253452301025,8.27382894567946,checkpoint_reuse_purged_temporal_test_only_perturbation
feature_smoothing_5,10Amar,unhealthy,4453,-0.6549230813980103,6.382623672485352,8.72536816189133,checkpoint_reuse_purged_temporal_test_only_perturbation
clean,11Amar,unhealthy,5390,-0.32686400413513184,4.530115604400635,6.287560476691009,checkpoint_reuse_purged_temporal_test_only_perturbation
gaussian_noise_std_0.05,11Amar,unhealthy,5390,-0.34038180112838745,4.536418437957764,6.309847434930547,checkpoint_reuse_purged_temporal_test_only_perturbation
gaussian_noise_std_0.10,11Amar,unhealthy,5390,-0.32766807079315186,4.525257110595703,6.2763771400117525,checkpoint_reuse_purged_temporal_test_only_perturbation
channel_dropout_RF,11Amar,unhealthy,5390,-4.410215854644775,6.152456760406494,9.747004513431975,checkpoint_reuse_purged_temporal_test_only_perturbation
channel_dropout_BF,11Amar,unhealthy,5390,1.4755706787109375,5.990845203399658,7.387639222874484,checkpoint_reuse_purged_temporal_test_only_perturbation
channel_dropout_VM,11Amar,unhealthy,5390,-0.49501821398735046,6.137350559234619,8.36533219028441,checkpoint_reuse_purged_temporal_test_only_perturbation
channel_dropout_ST,11Amar,unhealthy,5390,0.36040744185447693,6.920332908630371,10.196182763384341,checkpoint_reuse_purged_temporal_test_only_perturbation
amplitude_scale_0.8,11Amar,unhealthy,5390,0.9252573847770691,5.754903316497803,7.48275070244567,checkpoint_reuse_purged_temporal_test_only_perturbation
amplitude_scale_1.2,11Amar,unhealthy,5390,-1.4584406614303589,4.669834136962891,7.189405901773733,checkpoint_reuse_purged_temporal_test_only_perturbation
feature_smoothing_5,11Amar,unhealthy,5390,-0.3202115297317505,4.53328800201416,6.286962540029671,checkpoint_reuse_purged_temporal_test_only_perturbation
